customer_id,customer_name,email,registration_date,customer_type
1,John Kumar,john.kumar1@outlook.com,2024-01-16 10:13:48,REGULAR
2,Emily Kumar,emily.kumar2@gmail.com,2025-07-06 07:09:23,REGULAR
3,Aarav Gupta,aarav.gupta3@gmail.com,2025-05-21 20:43:57,REGULAR
4,John Walker,john.walker4@example.com,2025-07-04 09:25:01,REGULAR
5,Laura Sharma,laura.sharma5@yahoo.com,2025-12-20 12:31:23,REGULAR
6,Ishaan Singh,ishaan.singh6@outlook.com,2023-06-08 18:40:31,REGULAR
7,Vihaan Johnson,vihaan.johnson7@outlook.com,2026-06-07 19:55:23,REGULAR
8,Kavya Walker,kavya.walker8@example.com,2023-05-03 09:53:03,REGULAR
9,Chris Young,chris.young9@outlook.com,2025-06-15 21:14:53,REGULAR
10,Aditya Verma,aditya.verma10@outlook.com,2023-05-04 22:51:37,PREMIUM
11,Laura Kumar,laura.kumar11@example.com,2025-09-14 12:02:01,PREMIUM
12,Sai Johnson,sai.johnson12@outlook.com,2025-12-26 05:45:27,VIP
13,John Gupta,john.gupta13@yahoo.com,2025-04-09 18:10:40,PREMIUM
14,Sai Wilson,sai.wilson14@yahoo.com,2025-11-29 12:16:09,REGULAR
15,David Verma,david.verma15@gmail.com,2026-06-04 14:16:58,REGULAR
16,Ishaan Gupta,ishaan.gupta16@outlook.com,2023-11-27 07:17:31,PREMIUM
17,Diya Wilson,diya.wilson17@yahoo.com,2024-01-19 02:56:23,PREMIUM
18,Riya Iyer,riya.iyer18@example.com,2025-06-25 11:41:03,REGULAR
19,Krishna Singh,krishna.singh19@gmail.com,2026-03-20 01:36:04,REGULAR
20,Vihaan Singh,vihaan.singh20@example.com,2025-07-15 11:44:25,REGULAR
21,Diya Young,diya.young21@outlook.com,2025-05-09 09:45:22,PREMIUM
22,Aarav Kumar,aarav.kumar22@outlook.com,2026-04-08 23:26:15,REGULAR
23,Vihaan Rao,vihaan.rao23@example.com,2023-01-06 00:59:38,VIP
24,James Iyer,james.iyer24@yahoo.com,2025-02-27 15:44:40,VIP
25,Laura Rao,laura.rao25@yahoo.com,2023-08-26 10:15:39,REGULAR
26,Sai Walker,sai.walker26@gmail.com,2025-07-19 10:16:21,REGULAR
27,Aarav Kumar,aarav.kumar27@outlook.com,2024-01-07 23:25:45,REGULAR
28,James Hall,james.hall28@gmail.com,2026-02-10 23:29:34,REGULAR
29,Aditya Walker,aditya.walker29@yahoo.com,2025-10-21 21:17:36,REGULAR
30,Riya Patel,riya.patel30@example.com,2023-11-26 00:24:33,VIP
31,David Reddy,david.reddy31@example.com,2025-11-09 10:18:17,REGULAR
32,Kavya Lewis,kavya.lewis32@yahoo.com,2023-12-16 01:19:26,REGULAR
33,Aarav Hall,aarav.hall33@yahoo.com,2023-01-12 04:05:38,REGULAR
34,John Verma,john.verma34@gmail.com,2024-05-28 07:16:01,REGULAR
35,Krishna Iyer,krishna.iyer35@yahoo.com,2025-04-17 16:05:53,REGULAR
36,Anna Hall,anna.hall36@yahoo.com,2026-05-03 20:43:56,REGULAR
37,Isha Reddy,isha.reddy37@example.com,2024-07-04 09:10:14,REGULAR
38,Kavya Verma,kavya.verma38@gmail.com,2023-04-05 03:48:15,REGULAR
39,Priya Kumar,priya.kumar39@yahoo.com,2025-04-13 02:10:55,REGULAR
40,Isha Patel,isha.patel40@yahoo.com,2023-04-28 02:33:08,REGULAR
41,Laura Walker,laura.walker41@gmail.com,2023-05-25 21:05:17,VIP
42,Laura Nair,laura.nair42@example.com,2025-01-17 18:20:33,REGULAR
43,Diya Verma,diya.verma43@gmail.com,2024-08-29 11:58:41,REGULAR
44,Sarah Wilson,sarah.wilson44@example.com,2023-08-29 11:14:38,REGULAR
45,Reyansh Verma,reyansh.verma45@gmail.com,2026-03-07 22:33:00,REGULAR
46,Vivaan Hall,vivaan.hall46@yahoo.com,2023-03-30 08:37:27,VIP
47,Aditya Patel,aditya.patel47@gmail.com,2025-11-14 21:44:54,PREMIUM
48,Diya Kumar,diya.kumar48@yahoo.com,2025-06-18 07:40:00,REGULAR
49,Tara Gupta,tara.gupta49@outlook.com,2024-02-10 02:02:59,REGULAR
50,Michael Smith,michael.smith50@example.com,2023-07-23 07:29:45,PREMIUM
51,Rohan Wilson,rohan.wilson51@gmail.com,2023-01-15 11:18:19,REGULAR
52,Saanvi Kumar,saanvi.kumar52@yahoo.com,2025-02-24 20:44:54,REGULAR
53,Anna Johnson,anna.johnson53@yahoo.com,2024-07-28 00:58:06,REGULAR
54,Kavya Walker,kavya.walker54@gmail.com,2025-11-03 11:44:41,PREMIUM
55,Rohan Kumar,rohan.kumar55@yahoo.com,2024-02-15 20:00:15,REGULAR
56,Vihaan Walker,vihaan.walker56@outlook.com,2025-07-28 13:41:25,REGULAR
57,Priya Reddy,priya.reddy57@outlook.com,2025-02-24 03:00:55,REGULAR
58,James Verma,james.verma58@example.com,2024-03-05 19:23:11,REGULAR
59,Priya Singh,priya.singh59@outlook.com,2023-09-09 00:12:45,PREMIUM
60,Riya Taylor,riya.taylor60@gmail.com,2023-04-27 21:17:39,VIP
61,Michael Singh,michael.singh61@outlook.com,2025-06-23 21:31:50,REGULAR
62,Isha Singh,isha.singh62@outlook.com,2026-05-21 17:35:26,VIP
63,Vivaan Johnson,vivaan.johnson63@yahoo.com,2025-11-02 01:04:47,REGULAR
64,David Walker,david.walker64@example.com,2025-08-22 03:56:17,PREMIUM
65,Anna Nair,anna.nair65@yahoo.com,2024-10-02 11:26:59,REGULAR
66,Emily Smith,emily.smith66@example.com,2026-05-31 05:29:37,PREMIUM
67,Emily Nair,emily.nair67@gmail.com,2024-08-17 06:11:20,PREMIUM
68,Laura Clark,laura.clark68@example.com,2024-06-27 04:12:39,REGULAR
69,Sarah Nair,sarah.nair69@yahoo.com,2024-09-10 23:53:18,REGULAR
70,Laura Gupta,laura.gupta70@outlook.com,2024-06-29 11:40:35,REGULAR
71,Diya Walker,diya.walker71@gmail.com,2023-06-29 04:15:07,PREMIUM
72,Ishaan Patel,ishaan.patel72@outlook.com,2023-03-01 10:19:54,REGULAR
73,Isha Johnson,isha.johnson73@outlook.com,2024-11-08 21:56:35,REGULAR
74,Neha Kumar,neha.kumar74@yahoo.com,2024-01-31 16:44:36,REGULAR
75,Isha Sharma,isha.sharma75@yahoo.com,2024-07-19 19:09:38,REGULAR
76,Jane Smith,jane.smith76@gmail.com,2026-01-23 02:23:01,VIP
77,Neha Rao,neha.rao77@outlook.com,2024-09-17 02:34:25,PREMIUM
78,Riya Singh,riya.singh78@example.com,2025-11-18 04:14:35,PREMIUM
79,Sai Young,sai.young79@example.com,2025-05-01 04:34:47,PREMIUM
80,Rohan Rao,rohan.rao80@outlook.com,2024-12-23 08:00:58,REGULAR
81,Jane Reddy,jane.reddy81@yahoo.com,2025-10-20 11:44:10,REGULAR
82,Neha Young,neha.young82@yahoo.com,2025-11-11 03:38:26,REGULAR
83,Sarah Reddy,sarah.reddy83@gmail.com,2024-01-16 08:23:29,VIP
84,Tara Gupta,tara.gupta84@yahoo.com,2026-01-20 21:52:36,PREMIUM
85,Meera Brown,meera.brown85@gmail.com,2026-03-12 13:59:05,PREMIUM
86,James Kumar,james.kumar86@yahoo.com,2023-10-01 05:31:50,PREMIUM
87,Michael Lewis,michael.lewis87@yahoo.com,2023-07-08 12:34:35,REGULAR
88,Sarah Wilson,sarah.wilson88@outlook.com,2026-03-19 05:45:40,PREMIUM
89,Tara Lewis,tara.lewis89@example.com,2023-09-05 05:50:12,PREMIUM
90,Meera Wilson,meera.wilson90@yahoo.com,2025-09-17 13:44:29,REGULAR
91,David Lewis,david.lewis91@yahoo.com,2024-03-02 13:44:05,REGULAR
92,Michael Rao,michael.rao92@outlook.com,2024-05-11 15:38:11,PREMIUM
93,Aditya Singh,aditya.singh93@example.com,2025-12-14 00:19:27,REGULAR
94,Reyansh Gupta,reyansh.gupta94@outlook.com,2025-04-22 22:00:34,REGULAR
95,Vivaan Reddy,vivaan.reddy95@example.com,2026-04-10 20:03:59,REGULAR
96,Michael Sharma,michael.sharma96@example.com,2025-01-10 23:05:36,REGULAR
97,Ananya Rao,ananya.rao97@example.com,2025-04-16 02:19:01,PREMIUM
98,Riya Young,riya.young98@example.com,2023-12-07 20:37:53,REGULAR
99,Meera Sharma,meera.sharma99@example.com,2026-01-29 23:26:19,REGULAR
100,Kavya Singh,kavya.singh100@gmail.com,2024-09-04 02:08:23,REGULAR
101,Jane Sharma,jane.sharma101@example.com,2023-07-30 19:14:36,PREMIUM
102,Sai Verma,sai.verma102@outlook.com,2023-11-25 19:16:02,REGULAR
103,Priya Brown,priya.brown103@example.com,2024-01-27 21:21:51,PREMIUM
104,Meera Sharma,meera.sharma104@gmail.com,2024-06-27 15:28:02,REGULAR
105,Aditya Verma,aditya.verma105@yahoo.com,2023-11-06 16:42:17,PREMIUM
106,Tara Singh,tara.singh106@example.com,2025-11-05 23:14:05,REGULAR
107,Reyansh Wilson,reyansh.wilson107@outlook.com,2023-09-18 15:37:57,REGULAR
108,Emily Kumar,emily.kumar108@yahoo.com,2024-04-28 04:22:17,REGULAR
109,Aarav Rao,aarav.rao109@example.com,2024-09-08 04:20:57,VIP
110,Reyansh Gupta,reyansh.gupta110@yahoo.com,2023-06-08 07:09:21,PREMIUM
111,Rohan Young,rohan.young111@gmail.com,2024-06-23 08:41:40,REGULAR
112,Jane Johnson,jane.johnson112@outlook.com,2023-01-20 15:42:22,PREMIUM
113,Chris Clark,chris.clark113@outlook.com,2025-09-14 08:19:48,PREMIUM
114,Kavya Singh,kavya.singh114@outlook.com,2025-08-14 18:52:36,PREMIUM
115,Riya Clark,riya.clark115@outlook.com,2024-05-15 16:23:08,PREMIUM
116,Chris Gupta,chris.gupta116@example.com,2024-01-14 19:53:16,PREMIUM
117,Saanvi Young,saanvi.young117@outlook.com,2023-02-14 14:00:48,REGULAR
118,Priya Patel,priya.patel118@outlook.com,2026-05-24 09:20:46,REGULAR
119,Ishaan Young,ishaan.young119@outlook.com,2025-05-13 09:23:29,REGULAR
120,Reyansh Gupta,reyansh.gupta120@example.com,2025-01-28 23:30:08,REGULAR
121,Krishna Clark,krishna.clark121@example.com,2024-11-27 05:09:29,PREMIUM
122,Aditya Rao,aditya.rao122@yahoo.com,2024-04-20 16:11:17,PREMIUM
123,Ananya Clark,ananya.clark123@outlook.com,2024-10-22 23:55:54,VIP
124,Riya Smith,riya.smith124@example.com,2024-02-25 20:29:47,REGULAR
125,Krishna Kumar,krishna.kumar125@outlook.com,2023-07-05 17:19:25,PREMIUM
126,David Patel,david.patel126@example.com,2024-03-05 12:39:11,PREMIUM
127,David Lewis,david.lewis127@gmail.com,2023-10-29 13:13:40,REGULAR
128,Ananya Patel,ananya.patel128@yahoo.com,2024-03-02 03:04:03,REGULAR
129,Vivaan Walker,vivaan.walker129@yahoo.com,2025-09-17 21:30:15,PREMIUM
130,Meera Kumar,meera.kumar130@outlook.com,2024-12-30 04:23:11,REGULAR
131,Priya Patel,priya.patel131@outlook.com,2025-01-12 03:02:06,REGULAR
132,Aditya Brown,aditya.brown132@gmail.com,2023-08-24 16:47:34,REGULAR
133,Saanvi Rao,saanvi.rao133@yahoo.com,2023-07-04 00:11:39,REGULAR
134,Isha Young,isha.young134@yahoo.com,2026-04-19 23:57:04,REGULAR
135,Kavya Wilson,kavya.wilson135@example.com,2024-04-19 09:24:02,REGULAR
136,Vivaan Young,vivaan.young136@gmail.com,2026-03-30 20:54:01,REGULAR
137,Reyansh Iyer,reyansh.iyer137@yahoo.com,2024-01-08 14:49:19,REGULAR
138,Aditya Patel,aditya.patel138@,2024-03-28 10:56:00,REGULAR
139,Rohan Rao,rohan.rao139@example.com,2023-04-21 13:46:25,PREMIUM
140,Anna Iyer,anna.iyer140@yahoo.com,2024-10-22 10:19:46,REGULAR
141,Krishna Singh,krishna.singh141@yahoo.com,2023-04-21 22:21:06,REGULAR
142,Sarah Rao,sarah.rao142@outlook.com,2024-11-13 04:49:38,REGULAR
143,Michael Rao,michael.rao143@outlook.com,2025-02-16 10:57:18,REGULAR
144,Kavya Gupta,kavya.gupta144@example.com,2026-02-15 01:24:34,REGULAR
145,Ishaan Sharma,ishaan.sharma145@gmail.com,2026-04-03 00:20:00,PREMIUM
146,Ishaan Hall,ishaan.hall146@yahoo.com,2024-12-31 21:32:31,REGULAR
147,Kavya Iyer,kavya.iyer147@example.com,2025-09-13 02:29:22,PREMIUM
148,Aditya Clark,aditya.clark148@outlook.com,2024-05-13 17:55:09,PREMIUM
149,Laura Patel,laura.patel149@example.com,2024-03-23 17:32:17,PREMIUM
150,Diya Walker,diya.walker150@gmail.com,2024-05-03 14:02:58,REGULAR
151,Vihaan Brown,vihaan.brown151@gmail.com,2025-10-18 15:21:22,PREMIUM
152,Kavya Taylor,kavya.taylor152@outlook.com,2025-08-25 05:28:23,PREMIUM
153,John Wilson,john.wilson153@yahoo.com,2024-02-19 20:34:41,REGULAR
154,Anna Rao,anna.rao154@example.com,2023-07-08 15:05:33,REGULAR
155,John Young,john.young155@yahoo.com,2024-04-27 17:36:17,REGULAR
156,Riya Taylor,riya.taylor156@gmail.com,2024-12-17 20:01:27,VIP
157,John Singh,john.singh157@outlook.com,2025-03-01 12:07:25,PREMIUM
158,Isha Clark,isha.clark158@yahoo.com,2024-12-10 14:14:02,REGULAR
159,Diya Reddy,diya.reddy159@yahoo.com,2023-04-19 10:42:30,REGULAR
160,Sarah Taylor,sarah.taylor160@outlook.com,2026-06-28 16:18:06,REGULAR
161,Emily Rao,emily.rao161@example.com,2023-08-19 20:02:19,REGULAR
162,Meera Johnson,meera.johnson162@example.com,2024-12-08 08:28:39,VIP
163,Laura Reddy,laura.reddy163@yahoo.com,2025-06-07 06:09:40,REGULAR
164,Laura Taylor,laura.taylor164@example.com,2025-12-31 12:48:03,VIP
165,Diya Brown,diya.brown165@yahoo.com,2025-02-08 11:11:25,VIP
166,Arjun Lewis,arjun.lewis166@outlook.com,2023-06-05 21:51:48,PREMIUM
167,Kavya Kumar,kavya.kumar167@example.com,2023-01-24 20:11:59,PREMIUM
168,Isha Singh,isha.singh168@outlook.com,2024-06-09 22:28:39,REGULAR
169,Diya Gupta,diya.gupta169@example.com,2024-05-06 21:59:00,REGULAR
170,James Clark,james.clark170@gmail.com,2025-08-17 04:33:26,REGULAR
171,John Rao,john.rao171@gmail.com,2024-11-05 03:37:44,VIP
172,David Kumar,david.kumar172@outlook.com,2023-02-14 23:13:54,REGULAR
173,Sarah Verma,sarah.verma173@outlook.com,2024-10-31 01:10:02,REGULAR
174,Neha Taylor,neha.taylor174@yahoo.com,2023-09-22 01:26:59,REGULAR
175,Tara Brown,tara.brown175@yahoo.com,2025-02-12 02:22:47,VIP
176,Arjun Nair,arjun.nair176@outlook.com,2024-12-14 22:01:48,REGULAR
177,Aarav Wilson,aarav.wilson177@yahoo.com,2023-04-25 17:46:16,REGULAR
178,Ananya Hall,ananya.hall178@example.com,2025-12-08 08:45:11,REGULAR
179,Laura Rao,laura.rao179@example.com,2025-01-20 15:18:08,REGULAR
180,Diya Hall,diya.hall180@outlook.com,2025-12-22 07:00:49,REGULAR
181,Chris Brown,chris.brown181@gmail.com,2025-07-31 00:28:21,PREMIUM
182,Chris Rao,chris.rao182@yahoo.com,2025-08-01 01:01:24,PREMIUM
183,Krishna Reddy,krishna.reddy183@yahoo.com,2025-09-02 22:47:13,REGULAR
184,John Verma,john.verma184@example.com,2023-02-21 19:55:11,REGULAR
185,Emily Singh,emily.singh185@outlook.com,2024-05-22 12:58:18,PREMIUM
186,Sai Reddy,sai.reddy186@outlook.com,2025-04-04 15:36:39,REGULAR
187,Ishaan Patel,ishaan.patel187@example.com,2026-06-06 20:04:13,REGULAR
188,Laura Smith,laura.smith188@example.com,2023-04-27 23:21:49,REGULAR
189,Krishna Brown,krishna.brown189@outlook.com,2023-05-21 06:44:06,PREMIUM
190,Aarav Iyer,aarav.iyer190@example.com,2024-07-26 13:52:09,PREMIUM
191,Jane Iyer,jane.iyer191@outlook.com,2023-06-18 07:26:07,PREMIUM
192,Meera Sharma,meera.sharma192@outlook.com,2025-08-05 17:30:46,REGULAR
193,Aditya Wilson,aditya.wilson193@outlook.com,2025-10-05 13:24:03,REGULAR
194,Arjun Verma,arjun.verma194@outlook.com,2025-02-04 06:22:37,REGULAR
195,Krishna Walker,krishna.walker195@example.com,2024-07-30 08:18:42,PREMIUM
196,Emily Walker,emily.walker196@yahoo.com,2024-10-06 12:00:58,PREMIUM
197,Chris Clark,chris.clark197@outlook.com,2023-02-20 19:45:05,PREMIUM
198,Reyansh Wilson,reyansh.wilson198@yahoo.com,2024-07-17 09:54:56,REGULAR
199,Jane Johnson,jane.johnson199@outlook.com,2023-04-05 01:28:15,REGULAR
200,Reyansh Kumar,reyansh.kumar200@example.com,2023-05-23 09:49:58,PREMIUM
201,John Young,john.young201@gmail.com,2026-05-07 05:49:42,REGULAR
202,Arjun Hall,arjun.hall202@yahoo.com,2025-06-29 21:56:45,REGULAR
203,Laura Nair,laura.nair203@yahoo.com,2026-05-10 02:46:12,VIP
204,Aarav Iyer,aarav.iyer204@yahoo.com,2023-07-21 22:27:28,REGULAR
205,Sarah Patel,sarah.patel205@gmail.com,2023-07-24 17:58:50,REGULAR
206,Sarah Nair,sarah.nair206@gmail.com,2023-09-28 16:22:09,REGULAR
207,Arjun Taylor,arjun.taylor207@gmail.com,2025-01-09 19:44:11,REGULAR
208,Ananya Lewis,ananya.lewis208@example.com,2025-02-21 16:28:04,REGULAR
209,Tara Verma,tara.verma209@outlook.com,2024-12-12 13:03:46,REGULAR
210,Aarav Verma,aarav.verma210@example.com,2024-10-24 04:37:56,PREMIUM
211,Meera Wilson,meera.wilson211@gmail.com,2024-05-15 09:11:56,REGULAR
212,Aditya Singh,aditya.singh212@outlook.com,2024-08-14 17:08:42,VIP
213,Neha Rao,neha.rao213@example.com,2023-06-04 01:38:27,PREMIUM
214,Vihaan Walker,vihaan.walker214@yahoo.com,2024-10-30 02:10:10,REGULAR
215,Krishna Taylor,krishna.taylor215@example.com,2024-09-11 09:44:19,REGULAR
216,Vihaan Smith,vihaan.smith216@outlook.com,2024-08-04 10:57:12,VIP
217,Jane Clark,jane.clark217@gmail.com,2023-05-25 19:52:12,REGULAR
218,Emily Johnson,emily.johnson218@gmail.com,2025-06-30 01:00:10,VIP
219,Riya Smith,riya.smith219@example.com,2024-07-03 07:05:30,PREMIUM
220,David Taylor,david.taylor220@gmail.com,2024-03-22 19:36:05,REGULAR
221,Ananya Kumar,ananya.kumar221@yahoo.com,2023-08-29 08:45:32,PREMIUM
222,Krishna Kumar,krishna.kumar222@outlook.com,2023-06-28 11:14:05,PREMIUM
223,Saanvi Nair,saanvi.nair223@gmail.com,2025-08-04 00:58:33,VIP
224,Chris Iyer,chris.iyer224@outlook.com,2025-12-27 14:30:32,PREMIUM
225,Anna Smith,anna.smith225@yahoo.com,2023-08-11 12:48:09,REGULAR
226,Diya Gupta,diya.gupta226@gmail.com,2023-05-23 12:58:27,PREMIUM
227,Reyansh Brown,reyansh.brown227@outlook.com,2023-09-02 12:38:35,REGULAR
228,Emily Smith,emily.smith228@gmail.com,2023-03-23 17:23:57,REGULAR
229,David Young,david.young229@gmail.com,2024-02-27 16:43:45,REGULAR
230,Isha Clark,isha.clark230@example.com,2024-02-29 08:23:53,REGULAR
231,Neha Kumar,neha.kumar231@gmail.com,2024-03-16 00:11:37,PREMIUM
232,Saanvi Clark,saanvi.clark232@outlook.com,2023-03-12 13:16:55,REGULAR
233,Tara Verma,tara.verma233outlook.com,2026-04-07 00:51:50,REGULAR
234,Ishaan Rao,ishaan.rao234@gmail.com,2025-02-11 15:52:08,PREMIUM
235,Sai Singh,sai.singh235@yahoo.com,2025-02-16 03:07:55,REGULAR
236,Jane Johnson,jane.johnson236@gmail.com,2024-11-08 15:26:43,REGULAR
237,Anna Gupta,anna.gupta237@example.com,2025-06-09 17:53:22,REGULAR
238,John Taylor,john.taylor238@example.com,2023-02-02 09:35:19,VIP
239,Sai Young,sai.young239@outlook.com,2023-05-17 21:43:12,REGULAR
240,Vihaan Nair,vihaan.nair240@example.com,2025-03-24 22:44:22,REGULAR
241,Laura Rao,laura.rao241@yahoo.com,2024-06-01 09:41:53,PREMIUM
242,Aditya Lewis,aditya.lewis242@yahoo.com,2026-04-20 19:53:09,REGULAR
243,Emily Singh,emily.singh243@yahoo.com,2024-02-02 15:11:13,REGULAR
244,Tara Singh,tara.singh244@gmail.com,2023-10-03 04:29:10,VIP
245,John Clark,john.clark245@example.com,2025-11-24 02:29:47,VIP
246,Saanvi Young,saanvi.young246@outlook.com,2023-08-23 12:05:59,REGULAR
247,Meera Wilson,meera.wilson247@outlook.com,2025-07-07 17:43:36,REGULAR
248,Neha Gupta,neha.gupta248@example.com,2023-02-28 10:05:59,REGULAR
249,Chris Rao,chris.rao249@gmail.com,2025-08-13 09:10:28,REGULAR
250,Diya Wilson,diya.wilson250@gmail.com,2024-11-29 15:17:15,VIP
251,Saanvi Reddy,saanvi.reddy251@example.com,2025-02-17 20:19:40,REGULAR
252,Vivaan Wilson,vivaan.wilson252@outlook.com,2026-01-14 15:36:50,REGULAR
253,John Patel,john.patel253@example.com,2024-11-13 14:49:54,REGULAR
254,Tara Patel,tara.patel254@outlook.com,2024-08-24 19:56:10,REGULAR
255,Priya Young,priya.young255@outlook.com,2023-04-13 09:22:19,REGULAR
256,Riya Brown,riya.brown256@yahoo.com,2024-06-01 20:38:15,REGULAR
257,Jane Singh,jane.singh257@outlook.com,2025-10-16 03:29:33,PREMIUM
258,Diya Singh,diya.singh258@gmail.com,2024-04-25 22:02:57,REGULAR
259,John Smith,john.smith259@gmail.com,2025-09-30 13:33:03,PREMIUM
260,Neha Johnson,neha.johnson260outlook.com,2023-11-29 17:40:52,REGULAR
261,David Clark,david.clark261@yahoo.com,2023-08-29 16:46:29,REGULAR
262,Laura Kumar,laura.kumar262@gmail.com,2025-10-25 06:30:38,REGULAR
263,David Young,david.young263@example.com,2023-08-28 14:57:35,REGULAR
264,Chris Young,chris.young264@yahoo.com,2026-01-25 07:39:03,REGULAR
265,Isha Johnson,isha.johnson265@yahoo.com,2024-11-21 00:55:41,REGULAR
266,David Wilson,david.wilson266@yahoo.com,2024-04-25 17:47:57,VIP
267,Sarah Clark,sarah.clark267@yahoo.com,2024-07-25 10:06:17,PREMIUM
268,Saanvi Wilson,saanvi.wilson268@outlook.com,2026-04-23 18:34:00,REGULAR
269,Neha Taylor,neha.taylor269@yahoo.com,2026-05-29 17:06:32,REGULAR
270,Laura Iyer,laura.iyer270@example.com,2024-07-30 15:47:25,REGULAR
271,Vihaan Lewis,vihaan.lewis271@outlook.com,2023-05-11 07:05:28,PREMIUM
272,Ishaan Wilson,ishaan.wilson272@yahoo.com,2024-11-10 14:09:33,REGULAR
273,Anna Nair,anna.nair273@outlook.com,2023-02-11 10:20:12,REGULAR
274,Diya Lewis,diya.lewis274@example.com,2023-05-07 18:28:16,REGULAR
275,Aarav Smith,aarav.smith275@outlook.com,2026-05-14 08:48:31,REGULAR
276,Vivaan Rao,vivaan.rao276@example.com,2025-12-17 07:26:40,PREMIUM
277,David Clark,david.clark277@gmail.com,2023-05-04 01:45:03,REGULAR
278,Reyansh Singh,reyansh.singh278@example.com,2023-06-22 17:20:47,PREMIUM
279,Krishna Rao,krishna.rao279@yahoo.com,2024-10-14 04:13:50,REGULAR
280,Tara Wilson,tara.wilson280@example.com,2025-07-16 00:02:38,REGULAR
281,John Lewis,john.lewis281@yahoo.com,2024-03-28 11:24:24,REGULAR
282,Tara Johnson,tara.johnson282@example.com,2023-10-18 23:34:07,PREMIUM
283,Aditya Lewis,aditya.lewis283@gmail.com,2025-03-28 04:55:03,REGULAR
284,Sarah Lewis,sarah.lewis284@example.com,2024-12-31 07:54:22,REGULAR
285,Diya Johnson,diya.johnson285@gmail.com,2024-07-08 17:25:28,PREMIUM
286,Ananya Nair,ananya.nair286@gmail.com,2026-04-13 11:39:21,REGULAR
287,David Smith,david.smith287@outlook.com,2025-04-28 04:52:04,REGULAR
288,John Patel,john.patel288@example.com,2025-12-16 05:59:25,REGULAR
289,Sai Singh,sai.singh289@example.com,2023-02-27 10:51:20,REGULAR
290,Vivaan Reddy,vivaan.reddy290@outlook.com,2024-04-26 16:28:00,REGULAR
291,Chris Walker,chris.walker291@gmail.com,2026-03-16 04:43:15,REGULAR
292,Rohan Johnson,rohan.johnson292@gmail.com,2025-10-15 15:26:14,REGULAR
293,Vihaan Johnson,vihaan.johnson293@example.com,2026-02-28 16:31:11,REGULAR
294,Diya Smith,diya.smith294@example.com,2025-12-11 02:11:00,REGULAR
295,Anna Lewis,anna.lewis295@gmail.com,2026-02-03 11:33:23,REGULAR
296,Isha Young,isha.young296@yahoo.com,2025-04-27 08:45:34,REGULAR
297,Vihaan Gupta,vihaan.gupta297@outlook.com,2024-04-21 02:59:37,REGULAR
298,Michael Taylor,michael.taylor298@example.com,2024-06-30 02:37:17,REGULAR
299,Emily Johnson,emily.johnson299@example.com,2024-03-02 12:09:56,REGULAR
300,Sarah Verma,sarah.verma300@example.com,2024-07-18 09:13:14,REGULAR
301,Emily Patel,emily.patel301@yahoo.com,2025-08-01 19:57:34,PREMIUM
302,Kavya Verma,kavya.verma302@yahoo.com,2026-04-24 09:09:24,REGULAR
303,Ananya Brown,ananya.brown303@gmail.com,2025-07-28 23:34:13,REGULAR
304,Kavya Johnson,kavya.johnson304@gmail.com,2025-06-10 13:21:17,REGULAR
305,Ananya Brown,ananya.brown305@outlook.com,2024-01-23 18:11:48,VIP
306,Aarav Patel,aarav.patel306@example.com,2025-05-22 12:40:35,REGULAR
307,David Iyer,david.iyer307@yahoo.com,2025-08-08 12:26:05,REGULAR
308,Anna Clark,anna.clark308@yahoo.com,2023-04-26 00:51:36,REGULAR
309,James Wilson,james.wilson309@outlook.com,2025-11-03 10:52:19,REGULAR
310,Aditya Walker,aditya.walker310@outlook.com,2023-09-02 16:13:16,PREMIUM
311,Anna Patel,anna.patel311@yahoo.com,2023-07-08 12:43:12,VIP
312,Sarah Singh,sarah.singh312@example.com,2023-02-10 19:56:22,REGULAR
313,Saanvi Johnson,saanvi.johnson313@yahoo.com,2025-08-08 15:05:18,PREMIUM
314,Aditya Rao,aditya.rao314@example.com,2025-03-27 15:21:16,REGULAR
315,Isha Hall,isha.hall315@outlook.com,2025-09-24 20:07:06,REGULAR
316,Kavya Lewis,kavya.lewis316@yahoo.com,2026-04-07 16:58:26,VIP
317,Isha Lewis,isha.lewis317@gmail.com,2023-07-12 21:03:43,REGULAR
318,Rohan Patel,rohan.patel318@yahoo.com,2024-06-21 12:40:31,VIP
319,Neha Rao,neha.rao319@outlook.com,2023-11-01 22:39:57,REGULAR
320,Riya Iyer,riya.iyer320@outlook.com,2025-08-12 11:32:47,REGULAR
321,Neha Patel,neha.patel321@yahoo.com,2023-09-23 22:49:18,PREMIUM
322,Emily Young,emily.young322@gmail.com,2023-02-14 01:50:25,REGULAR
323,John Hall,john.hall323@yahoo.com,2026-04-06 10:18:14,REGULAR
324,Tara Sharma,tara.sharma324@outlook.com,2025-09-24 04:02:17,VIP
325,Meera Nair,meera.nair325@example.com,2024-04-07 01:08:18,REGULAR
326,Michael Verma,michael.verma326@example.com,2025-01-22 06:11:26,REGULAR
327,Priya Young,priya.young327@outlook.com,2026-02-14 12:57:02,VIP
328,Ananya Brown,ananya.brown328@outlook.com,2025-03-10 23:51:03,REGULAR
329,Priya Nair,priya.nair329@outlook.com,2024-11-29 10:09:15,REGULAR
330,Vihaan Verma,vihaan.verma330@example.com,2025-08-13 22:56:02,REGULAR
331,Laura Patel,laura.patel331@outlook.com,2023-10-22 21:31:41,PREMIUM
332,Meera Lewis,meera.lewis332@outlook.com,2025-02-11 15:18:28,REGULAR
333,Diya Lewis,diya.lewis333@yahoo.com,2023-12-01 05:09:55,REGULAR
334,Vivaan Verma,vivaan.verma334@example.com,2024-03-19 21:28:18,REGULAR
335,Laura Kumar,laura.kumar335@outlook.com,2026-02-04 03:27:59,REGULAR
336,Diya Johnson,diya.johnson336@gmail.com,2025-06-04 21:38:26,REGULAR
337,Ananya Walker,ananya.walker337@example.com,2025-02-22 08:00:31,REGULAR
338,Riya Iyer,riya.iyer338@gmail.com,2023-07-19 20:55:07,VIP
339,Diya Johnson,diya.johnson339@outlook.com,2025-05-16 13:28:41,VIP
340,David Singh,david.singh340@example.com,2025-02-15 20:15:20,REGULAR
341,Vivaan Singh,vivaan.singh341@example.com,2025-03-17 18:07:36,REGULAR
342,Tara Lewis,tara.lewis342@outlook.com,2023-09-10 10:30:55,REGULAR
343,Tara Rao,tara.rao343@example.com,2026-01-05 23:44:06,REGULAR
344,Meera Sharma,meera.sharma344@gmail.com,2024-10-09 01:44:48,REGULAR
345,Sarah Sharma,sarah.sharma345@outlook.com,2025-10-15 10:12:10,PREMIUM
346,David Hall,david.hall346@gmail.com,2025-06-25 11:19:28,REGULAR
347,Neha Young,neha.young347@example.com,2023-08-18 13:28:39,PREMIUM
348,Krishna Verma,krishna.verma348@gmail.com,2023-10-24 08:57:19,REGULAR
349,Priya Taylor,priya.taylor349@yahoo.com,2024-09-29 11:58:43,REGULAR
350,Tara Clark,tara.clark350@gmail.com,2026-01-01 09:12:28,REGULAR
351,Reyansh Walker,reyansh.walker351@example.com,2025-03-27 07:12:29,REGULAR
352,Sai Wilson,sai.wilson352@outlook.com,2025-04-28 14:32:30,REGULAR
353,David Iyer,david.iyer353@yahoo.com,2024-01-18 22:53:58,REGULAR
354,Rohan Nair,rohan.nair354@outlook.com,2026-04-12 23:27:38,REGULAR
355,Reyansh Clark,reyansh.clark355@outlook.com,2025-05-20 16:29:30,VIP
356,Sarah Iyer,sarah.iyer356@example.com,2024-09-04 21:14:09,PREMIUM
357,David Singh,david.singh357@outlook.com,2026-01-14 09:07:01,REGULAR
358,Anna Wilson,anna.wilson358@example.com,2023-11-29 10:00:23,REGULAR
359,Riya Iyer,riya.iyer359@outlook.com,2023-08-02 05:54:24,REGULAR
360,Emily Hall,emily.hall360@gmail.com,2025-11-06 13:13:12,VIP
361,Krishna Nair,krishna.nair361@example.com,2024-05-28 02:14:19,PREMIUM
362,Vihaan Singh,vihaan.singh362@,2025-10-11 05:36:27,VIP
363,James Clark,james.clark363@yahoo.com,2026-03-20 06:24:24,VIP
364,Priya Rao,priya.rao364@gmail.com,2025-10-10 07:27:33,REGULAR
365,Riya Verma,riya.verma365@yahoo.com,2024-10-11 03:52:52,PREMIUM
366,Sai Verma,sai.verma366@example.com,2026-05-09 01:18:05,REGULAR
367,Anna Rao,anna.rao367@gmail.com,2024-04-08 12:52:04,REGULAR
368,Vihaan Smith,vihaan.smith368@example.com,2023-07-28 11:20:11,PREMIUM
369,Kavya Iyer,kavya.iyer369@gmail.com,2024-05-28 16:47:48,REGULAR
370,Kavya Iyer,kavya.iyer370@gmail.com,2026-02-18 07:06:20,REGULAR
371,Rohan Hall,rohan.hall371@yahoo.com,2023-09-30 14:55:28,REGULAR
372,John Brown,john.brown372@outlook.com,2023-05-15 17:49:06,REGULAR
373,Vihaan Patel,vihaan.patel373@example.com,2024-05-17 16:44:40,VIP
374,Aarav Iyer,aarav.iyer374@example.com,2026-03-16 22:05:05,REGULAR
375,Priya Rao,priya.rao375@gmail.com,2024-02-11 07:24:29,PREMIUM
376,Michael Nair,michael.nair376@gmail.com,2024-12-23 23:10:58,REGULAR
377,Diya Lewis,diya.lewis377@outlook.com,2025-12-08 07:53:26,REGULAR
378,Anna Rao,anna.rao378@yahoo.com,2023-12-07 09:42:22,VIP
379,Meera Singh,meera.singh379@outlook.com,2024-10-07 23:50:53,PREMIUM
380,Anna Clark,anna.clark380@yahoo.com,2026-03-29 12:11:07,REGULAR
381,David Young,david.young381@gmail.com,2025-03-27 08:18:29,REGULAR
382,Michael Johnson,michael.johnson382@gmail.com,2023-04-06 22:30:24,PREMIUM
383,James Lewis,james.lewis383@yahoo.com,2023-09-13 14:23:23,REGULAR
384,Neha Wilson,neha.wilson384@yahoo.com,2026-01-18 16:38:20,REGULAR
385,Aditya Lewis,aditya.lewis385@gmail.com,2024-12-05 09:10:53,REGULAR
386,Isha Wilson,isha.wilson386@example.com,2025-11-11 02:35:53,PREMIUM
387,Emily Sharma,emily.sharma387@gmail.com,2026-03-04 13:36:23,REGULAR
388,Aditya Verma,aditya.verma388@gmail.com,2025-04-20 16:02:15,VIP
389,Anna Gupta,anna.gupta389@example.com,2023-02-19 07:09:42,REGULAR
390,Sai Singh,sai.singh390@example.com,2024-08-04 16:54:53,VIP
391,Diya Wilson,diya.wilson391@example.com,2024-08-06 13:04:50,REGULAR
392,Jane Walker,jane.walker392@outlook.com,2023-07-04 06:57:54,REGULAR
393,Riya Brown,riya.brown393@yahoo.com,2023-01-06 09:29:37,PREMIUM
394,Rohan Wilson,rohan.wilson394@example.com,2025-04-06 07:55:20,REGULAR
395,Krishna Nair,krishna.nair395@yahoo.com,2024-03-04 04:58:00,REGULAR
396,James Kumar,james.kumar396@example.com,2025-08-13 05:59:55,PREMIUM
397,James Sharma,james.sharma397@gmail.com,2023-06-06 17:42:07,REGULAR
398,Kavya Young,kavya.young398@gmail.com,2024-01-16 04:21:01,PREMIUM
399,Diya Wilson,diya.wilson399@yahoo.com,2026-03-17 21:32:15,PREMIUM
400,Vivaan Singh,vivaan.singh400@outlook.com,2023-12-30 18:10:26,PREMIUM
401,Emily Hall,emily.hall401@outlook.com,2024-01-04 00:25:21,REGULAR
402,Arjun Lewis,arjun.lewis402@outlook.com,2024-03-03 10:28:54,REGULAR
403,Saanvi Patel,saanvi.patel403@example.com,2025-05-13 11:36:53,REGULAR
404,Ananya Brown,ananya.brown404@outlook.com,2025-12-17 16:15:32,REGULAR
405,Arjun Rao,arjun.rao405@example.com,2024-01-10 07:56:42,PREMIUM
406,Rohan Singh,rohan.singh406@gmail.com,2025-05-23 15:16:04,REGULAR
407,Isha Walker,isha.walker407@example.com,2024-01-13 06:25:18,REGULAR
408,Priya Gupta,priya.gupta408@outlook.com,2023-05-24 15:18:27,REGULAR
409,Chris Reddy,chris.reddy409@example.com,2025-11-12 12:18:34,REGULAR
410,Vivaan Gupta,vivaan.gupta410@yahoo.com,2025-01-14 17:06:41,REGULAR
411,Anna Smith,anna.smith411@gmail.com,2023-11-26 00:45:57,VIP
412,Emily Kumar,emily.kumar412@example.com,2024-01-12 20:31:45,PREMIUM
413,Michael Reddy,michael.reddy413@yahoo.com,2025-05-07 15:00:28,REGULAR
414,Rohan Brown,rohan.brown414@outlook.com,2024-04-24 02:48:58,REGULAR
415,Neha Clark,neha.clark415@example.com,2026-03-29 03:35:09,PREMIUM
416,Anna Reddy,anna.reddy416@example.com,2023-03-13 00:23:43,REGULAR
417,Krishna Singh,krishna.singh417@,2023-08-25 18:18:33,REGULAR
418,Krishna Brown,krishna.brown418@yahoo.com,2025-02-14 15:18:30,REGULAR
419,Jane Smith,jane.smith419@example.com,2026-01-29 00:11:43,REGULAR
420,Meera Wilson,meera.wilson420@outlook.com,2023-09-20 22:40:59,REGULAR
421,Riya Clark,riya.clark421@gmail.com,2025-03-24 22:03:49,REGULAR
422,Laura Gupta,laura.gupta422@gmail.com,2026-04-02 08:37:03,REGULAR
423,Arjun Nair,arjun.nair423@yahoo.com,2023-01-15 04:49:06,REGULAR
424,Kavya Johnson,kavya.johnson424@example.com,2025-10-21 03:54:06,REGULAR
425,Aarav Walker,aarav.walker425@gmail.com,2023-01-26 23:35:45,REGULAR
426,Ishaan Walker,ishaan.walker426@gmail.com,2025-02-19 03:58:14,PREMIUM
427,Jane Taylor,jane.taylor427@yahoo.com,2023-06-16 05:51:41,VIP
428,Neha Singh,neha.singh428@outlook.com,2026-06-20 09:23:43,REGULAR
429,Sarah Brown,sarah.brown429@example.com,2024-12-14 00:40:34,REGULAR
430,Michael Nair,michael.nair430@gmail.com,2025-10-12 13:02:02,VIP
431,John Verma,john.verma431@example.com,2024-08-08 21:54:02,REGULAR
432,Vivaan Sharma,vivaan.sharma432@gmail.com,2025-02-15 12:04:17,PREMIUM
433,John Smith,john.smith433@gmail.com,2025-03-31 11:12:05,VIP
434,Krishna Reddy,krishna.reddy434@example.com,2024-02-26 03:09:22,REGULAR
435,Aditya Iyer,aditya.iyer435@gmail.com,2023-10-06 14:49:13,VIP
436,Priya Sharma,priya.sharma436@yahoo.com,2026-03-14 14:04:45,PREMIUM
437,Chris Brown,chris.brown437@outlook.com,2023-09-10 08:35:03,REGULAR
438,Saanvi Brown,saanvi.brown438@outlook.com,2024-08-19 06:49:26,PREMIUM
439,Arjun Gupta,arjun.gupta439@outlook.com,2023-03-25 09:56:53,REGULAR
440,Krishna Gupta,krishna.gupta440@example.com,2026-04-16 16:13:03,REGULAR
441,John Iyer,john.iyer441@example.com,2025-02-01 03:01:21,REGULAR
442,Riya Brown,riya.brown442@example.com,2023-05-14 02:54:29,PREMIUM
443,Rohan Nair,rohan.nair443@gmail.com,2024-02-21 06:43:17,REGULAR
444,Michael Singh,michael.singh444@outlook.com,2024-07-14 07:52:45,REGULAR
445,Aarav Rao,aarav.rao445@outlook.com,2023-06-08 19:27:48,REGULAR
446,Sai Taylor,sai.taylor446@example.com,2023-06-10 11:02:22,REGULAR
447,Ananya Walker,ananya.walker447@outlook.com,2024-08-21 10:42:38,REGULAR
448,Isha Brown,isha.brown448@yahoo.com,2025-06-07 12:13:49,REGULAR
449,Jane Brown,jane.brown449@outlook.com,2024-04-12 18:59:14,REGULAR
450,Arjun Gupta,arjun.gupta450@outlook.com,2024-10-16 03:49:59,REGULAR
451,Sarah Gupta,sarah.gupta451@yahoo.com,2026-01-24 21:04:46,REGULAR
452,Tara Young,tara.young452@gmail.com,2023-07-30 11:24:56,REGULAR
453,Diya Smith,diya.smith453@example.com,2026-06-03 02:08:35,PREMIUM
454,Kavya Smith,kavya.smith454@yahoo.com,2024-04-11 17:02:21,REGULAR
455,Michael Reddy,michael.reddy455@yahoo.com,2024-09-10 15:26:51,VIP
456,Rohan Clark,rohan.clark456@yahoo.com,2024-05-21 05:55:10,REGULAR
457,Chris Brown,chris.brown457@yahoo.com,2025-07-08 23:49:26,VIP
458,Sai Walker,sai.walker458@example.com,2026-01-05 09:50:16,REGULAR
459,Sarah Rao,sarah.rao459@gmail.com,2026-06-26 05:14:57,PREMIUM
460,Sarah Taylor,sarah.taylor460@yahoo.com,2025-09-10 20:28:44,REGULAR
461,Ishaan Singh,ishaan.singh461@example.com,2023-04-25 21:37:12,REGULAR
462,Tara Clark,tara.clark462@example.com,2025-04-24 12:33:44,REGULAR
463,Ananya Walker,ananya.walker463@gmail.com,2023-06-19 21:35:15,PREMIUM
464,Jane Johnson,jane.johnson464@gmail.com,2025-05-24 22:22:27,VIP
465,Jane Brown,jane.brown465@outlook.com,2026-05-21 21:38:44,REGULAR
466,Aarav Kumar,aarav.kumar466@yahoo.com,2024-11-23 11:49:44,REGULAR
467,Kavya Hall,kavya.hall467@yahoo.com,2024-06-19 21:18:58,VIP
468,Meera Kumar,meera.kumar468@gmail.com,2023-06-30 07:22:42,PREMIUM
469,Emily Singh,emily.singh469@outlook.com,2024-12-08 08:01:51,PREMIUM
470,Neha Clark,neha.clark470@gmail.com,2024-11-11 16:00:36,PREMIUM
471,Kavya Smith,kavya.smith471@gmail.com,2026-06-12 13:55:15,PREMIUM
472,Aarav Smith,aarav.smith472@yahoo.com,2026-02-24 07:26:56,REGULAR
473,Sai Walker,sai.walker473@example.com,2024-12-18 18:37:39,REGULAR
474,Diya Patel,diya.patel474@example.com,2024-09-06 12:22:48,REGULAR
475,Tara Reddy,tara.reddy475@example.com,2024-08-27 00:50:55,REGULAR
476,Reyansh Reddy,reyansh.reddy476@gmail.com,2025-06-15 21:05:24,REGULAR
477,Laura Walker,laura.walker477@outlook.com,2023-11-03 03:27:41,REGULAR
478,Ishaan Clark,ishaan.clark478@outlook.com,2025-07-16 08:41:08,REGULAR
479,Diya Hall,diya.hall479@outlook.com,2024-12-12 06:16:47,REGULAR
480,Chris Rao,chris.rao480@gmail.com,2025-11-10 02:04:48,REGULAR
481,Vihaan Nair,vihaan.nair481@yahoo.com,2024-08-02 21:51:32,PREMIUM
482,Neha Brown,neha.brown482@yahoo.com,2025-06-11 22:19:21,REGULAR
483,Sai Clark,sai.clark483@yahoo.com,2025-05-12 00:38:25,REGULAR
484,Rohan Singh,rohan.singh484@example.com,2025-08-20 05:16:40,REGULAR
485,Ananya Sharma,ananya.sharma485@yahoo.com,2026-06-20 09:27:11,REGULAR
486,Riya Lewis,riya.lewis486@example.com,2025-11-29 15:20:31,REGULAR
487,Michael Wilson,michael.wilson487@gmail.com,2025-05-28 07:33:28,REGULAR
488,David Nair,david.nair488@outlook.com,2023-12-16 06:46:12,REGULAR
489,Sai Wilson,sai.wilson489@example.com,2025-05-03 23:16:39,REGULAR
490,Saanvi Kumar,saanvi.kumar490@outlook.com,2025-04-22 00:50:30,PREMIUM
491,Vivaan Wilson,vivaan.wilson491@example.com,2023-06-09 02:21:41,PREMIUM
492,John Nair,john.nair492@gmail.com,2024-11-29 15:14:13,REGULAR
493,Laura Gupta,laura.gupta493@gmail.com,2026-04-19 21:38:37,PREMIUM
494,Reyansh Hall,reyansh.hall494@example.com,2023-09-15 20:14:35,REGULAR
495,Sarah Reddy,sarah.reddy495@gmail.com,2025-06-04 13:54:43,REGULAR
496,Ishaan Young,ishaan.young496@outlook.com,2025-12-29 17:01:36,REGULAR
497,Saanvi Iyer,saanvi.iyer497@gmail.com,2023-07-30 15:07:14,VIP
498,Sarah Taylor,sarah.taylor498@outlook.com,2025-10-15 21:35:08,REGULAR
499,Laura Singh,laura.singh499@outlook.com,2024-01-20 13:30:34,PREMIUM
500,Jane Brown,jane.brown500@outlook.com,2025-09-02 06:33:30,REGULAR
501,Kavya Gupta,kavya.gupta501@gmail.com,2024-09-17 19:21:55,REGULAR
502,Ishaan Johnson,ishaan.johnson502@example.com,2024-05-23 10:13:43,REGULAR
503,Laura Gupta,laura.gupta503@example.com,2025-09-13 04:34:15,PREMIUM
504,Ananya Gupta,ananya.gupta504@example.com,2023-12-05 09:17:18,VIP
505,Chris Reddy,chris.reddy505@outlook.com,2024-03-16 13:06:58,REGULAR
506,Saanvi Singh,saanvi.singh506@example.com,2026-05-09 14:05:25,REGULAR
507,Jane Verma,jane.verma507@example.com,2023-01-26 07:00:46,REGULAR
508,Laura Patel,laura.patel508@gmail.com,2024-10-26 13:30:50,REGULAR
509,Michael Singh,michael.singh509@outlook.com,2023-09-04 23:06:33,PREMIUM
510,James Iyer,james.iyer510@outlook.com,2024-01-24 23:11:20,REGULAR
511,Jane Patel,jane.patel511@outlook.com,2026-02-01 18:48:28,PREMIUM
512,Krishna Taylor,krishna.taylor512@gmail.com,2023-01-02 16:30:01,REGULAR
513,Aditya Singh,aditya.singh513@example.com,2023-01-15 10:14:33,REGULAR
514,Priya Kumar,priya.kumar514@example.com,2025-12-14 03:21:04,REGULAR
515,Aditya Nair,aditya.nair515@gmail.com,2023-06-10 07:37:55,REGULAR
516,James Rao,james.rao516@yahoo.com,2025-09-23 15:41:32,VIP
517,Arjun Gupta,arjun.gupta517@gmail.com,2025-08-06 02:21:01,PREMIUM
518,Kavya Johnson,kavya.johnson518@yahoo.com,2024-10-01 13:39:26,REGULAR
519,Kavya Reddy,kavya.reddy519@gmail.com,2023-08-06 12:04:05,PREMIUM
520,Saanvi Brown,saanvi.brown520@example.com,2024-05-03 13:32:47,PREMIUM
521,Krishna Iyer,krishna.iyer521@yahoo.com,2025-05-09 16:07:18,REGULAR
522,Emily Young,emily.young522@gmail.com,2025-10-19 19:07:52,PREMIUM
523,Reyansh Lewis,reyansh.lewis523@yahoo.com,2026-03-07 17:37:54,REGULAR
524,John Verma,john.verma524@yahoo.com,2025-02-07 18:45:05,REGULAR
525,Krishna Clark,krishna.clark525@gmail.com,2025-03-31 15:56:53,PREMIUM
526,Aarav Johnson,aarav.johnson526@yahoo.com,2024-08-23 22:22:30,PREMIUM
527,Saanvi Taylor,saanvi.taylor527@yahoo.com,2026-03-30 20:29:02,REGULAR
528,David Gupta,david.gupta528gmail.com,2024-02-12 06:58:32,REGULAR
529,Anna Verma,anna.verma529@example.com,2025-02-25 23:48:44,REGULAR
530,Michael Lewis,michael.lewis530@example.com,2025-12-26 05:23:49,REGULAR
531,John Walker,john.walker531@yahoo.com,2024-03-07 00:44:49,REGULAR
532,Aditya Lewis,aditya.lewis532@yahoo.com,2025-04-13 06:04:30,REGULAR
533,Saanvi Gupta,saanvi.gupta533@example.com,2026-02-07 22:49:14,VIP
534,Krishna Verma,krishna.verma534@example.com,2023-06-30 04:17:35,REGULAR
535,Tara Verma,tara.verma535@yahoo.com,2023-07-05 13:09:29,REGULAR
536,Arjun Sharma,arjun.sharma536@outlook.com,2025-03-23 11:03:11,REGULAR
537,Chris Iyer,chris.iyer537@yahoo.com,2026-03-10 17:41:22,PREMIUM
538,Ishaan Kumar,ishaan.kumar538@gmail.com,2024-06-04 10:06:58,PREMIUM
539,Ishaan Lewis,ishaan.lewis539@gmail.com,2025-02-09 17:43:19,REGULAR
540,Ananya Verma,ananya.verma540@yahoo.com,2024-07-25 04:23:38,REGULAR
541,David Kumar,david.kumar541@gmail.com,2023-12-21 19:32:02,PREMIUM
542,Aarav Verma,aarav.verma542@gmail.com,2024-01-15 21:32:20,REGULAR
543,Ananya Brown,ananya.brown543@yahoo.com,2023-02-24 22:26:58,REGULAR
544,Anna Taylor,anna.taylor544@yahoo.com,2024-10-08 15:10:14,VIP
545,Priya Iyer,priya.iyer545@outlook.com,2023-07-05 11:35:21,REGULAR
546,James Verma,james.verma546@gmail.com,2024-09-14 19:33:42,REGULAR
547,Kavya Rao,kavya.rao547@outlook.com,2024-05-23 10:39:46,REGULAR
548,Kavya Sharma,kavya.sharma548@outlook.com,2025-05-25 20:14:19,PREMIUM
549,Emily Young,emily.young549@outlook.com,2025-07-08 03:50:12,VIP
550,David Reddy,david.reddy550@yahoo.com,2023-08-22 21:31:17,REGULAR
551,Isha Sharma,isha.sharma551@outlook.com,2025-09-14 21:37:48,PREMIUM
552,James Sharma,james.sharma552@gmail.com,2026-03-24 22:55:46,PREMIUM
553,Laura Rao,laura.rao553@yahoo.com,2024-10-14 03:52:08,REGULAR
554,Vivaan Singh,vivaan.singh554@gmail.com,2023-03-10 04:43:13,VIP
555,James Lewis,james.lewis555@outlook.com,2024-12-13 04:33:14,VIP
556,Aditya Hall,aditya.hall556@yahoo.com,2025-09-16 21:07:20,PREMIUM
557,Aditya Hall,aditya.hall557@example.com,2025-10-26 01:41:58,VIP
558,Krishna Rao,krishna.rao558@outlook.com,2026-05-29 00:36:54,REGULAR
559,Chris Smith,chris.smith559@outlook.com,2023-12-29 21:39:28,REGULAR
560,Reyansh Singh,reyansh.singh560@gmail.com,2023-08-30 10:07:31,REGULAR
561,Kavya Wilson,kavya.wilson561@gmail.com,2025-04-12 12:42:55,REGULAR
562,David Reddy,david.reddy562@example.com,2024-02-16 16:12:41,PREMIUM
563,Aditya Patel,aditya.patel563@outlook.com,2025-12-30 17:17:57,PREMIUM
564,Vivaan Reddy,vivaan.reddy564@outlook.com,2023-08-19 09:54:43,REGULAR
565,Krishna Johnson,krishna.johnson565@gmail.com,2025-11-17 23:13:34,REGULAR
566,Chris Patel,chris.patel566@example.com,2024-12-03 11:16:53,REGULAR
567,Riya Nair,riya.nair567@gmail.com,2026-06-02 19:26:35,PREMIUM
568,Vihaan Sharma,vihaan.sharma568@yahoo.com,2023-07-23 01:25:02,REGULAR
569,Diya Johnson,diya.johnson569@gmail.com,2025-06-23 14:36:17,REGULAR
570,Anna Gupta,anna.gupta570@gmail.com,2023-11-04 04:40:00,VIP
571,Kavya Singh,kavya.singh571@outlook.com,2023-07-10 08:09:44,REGULAR
572,Kavya Verma,kavya.verma572@example.com,2026-06-30 10:39:07,PREMIUM
573,Meera Sharma,meera.sharma573@example.com,2023-09-26 10:43:11,REGULAR
574,Anna Patel,anna.patel574@example.com,2023-08-19 21:22:50,REGULAR
575,Tara Young,tara.young575@outlook.com,2025-02-14 00:01:38,REGULAR
576,Riya Clark,riya.clark576@outlook.com,2024-08-17 23:50:40,REGULAR
577,Reyansh Lewis,reyansh.lewis577@gmail.com,2024-08-17 04:33:43,PREMIUM
578,Ananya Clark,ananya.clark578@example.com,2024-06-18 10:31:17,VIP
579,Neha Smith,neha.smith579@yahoo.com,2023-02-10 11:41:52,REGULAR
580,Krishna Sharma,krishna.sharma580@outlook.com,2023-04-02 00:26:21,PREMIUM
581,Meera Lewis,meera.lewis581@yahoo.com,2023-09-05 23:14:39,REGULAR
582,Jane Nair,jane.nair582@gmail.com,2026-04-01 21:50:17,VIP
583,Krishna Hall,krishna.hall583@example.com,2024-07-05 04:04:31,VIP
584,Laura Patel,laura.patel584@outlook.com,2026-06-06 09:41:44,PREMIUM
585,Ananya Hall,ananya.hall585@outlook.com,2025-05-31 19:34:36,REGULAR
586,Saanvi Reddy,saanvi.reddy586@example.com,2025-04-22 03:52:12,REGULAR
587,Meera Verma,meera.verma587@yahoo.com,2025-07-23 15:36:52,REGULAR
588,Neha Clark,neha.clark588yahoo.com,2024-06-13 08:25:04,PREMIUM
589,Anna Smith,anna.smith589@yahoo.com,2025-06-30 06:22:30,PREMIUM
590,Arjun Kumar,arjun.kumar590@outlook.com,2023-04-23 16:10:27,REGULAR
591,Jane Brown,jane.brown591@outlook.com,2024-04-13 18:37:13,REGULAR
592,Sai Taylor,sai.taylor592@example.com,2025-10-05 11:11:40,REGULAR
593,Michael Walker,michael.walker593@outlook.com,2023-12-13 18:53:11,PREMIUM
594,Chris Patel,chris.patel594@outlook.com,2023-07-17 19:53:28,REGULAR
595,Aarav Hall,aarav.hall595@gmail.com,2023-10-10 20:29:59,REGULAR
596,Anna Young,anna.young596@gmail.com,2025-02-09 19:07:11,REGULAR
597,Emily Gupta,emily.gupta597@outlook.com,2023-09-18 19:17:47,REGULAR
598,Aditya Smith,aditya.smith598@outlook.com,2023-11-22 17:35:48,REGULAR
599,Aditya Johnson,aditya.johnson599@gmail.com,2026-01-24 02:57:55,REGULAR
600,Diya Wilson,diya.wilson600@yahoo.com,2024-10-05 03:45:11,REGULAR
