Order_ID,Order_Date,Ship_Date,Ship_Mode,Customer_ID,Customer_Name,Segment,Region,State,City,Category,Sub_Category,Product_Name,Price,Quantity,Discount,total_amount
ORD-1001,2023-01-21,2023-01-23,First Class,CUST-0075,Customer 88,Consumer,South,Texas,Houston,Technology,Copiers,Copiers Model 971,475.6,8.0,0.0,3804.8
ORD-1002,2024-02-18,2024-02-24,Same Day,CUST-0021,Customer 58,Corporate,East,New York,New York City,Technology,Machines,Machines Model 847,32.92,8.0,0.3,263.36
ORD-1003,2024-07-20,2024-07-24,Standard Class,CUST-0131,Customer 51,Home Office,East,Florida,Miami,Furniture,Chairs,Chairs Model 940,264.76,3.0,0.3,794.28
ORD-1004,2023-12-12,2023-12-17,Same Day,CUST-0092,Customer 111,Home Office,South,New York,New York City,Technology,Machines,Machines Model 608,474.7,2.0,0.1,949.4
ORD-1005,2024-01-23,2024-01-25,Second Class,CUST-0054,Customer 106,Corporate,East,Pennsylvania,Philadelphia,Technology,Accessories,Accessories Model 802,455.11,4.0,0.1,1820.44
ORD-1006,2023-09-28,2023-10-04,Same Day,CUST-0040,Customer 82,Home Office,East,Ohio,Columbus,Office Supplies,Paper,Paper Model 891,227.63,4.0,0.0,910.52
ORD-1007,2023-01-15,2023-01-20,Standard Class,CUST-0071,Customer 9,Consumer,South,California,Los Angeles,Office Supplies,Binders,Binders Model 747,144.06,9.0,0.0,1296.54
ORD-1008,2024-02-23,2024-02-24,Standard Class,CUST-0041,Customer 28,Home Office,East,Texas,Houston,Technology,Accessories,Accessories Model 939,103.43,8.0,0.2,827.44
ORD-1009,2023-04-09,2023-04-13,Second Class,CUST-0035,Customer 101,Home Office,West,Florida,Miami,Office Supplies,Binders,Binders Model 742,36.46,7.0,0.0,255.22
ORD-1010,2024-01-28,2024-01-30,Same Day,CUST-0063,Customer 96,Home Office,East,New York,New York City,Furniture,Chairs,Chairs Model 663,282.83,7.0,0.2,1979.81
ORD-1011,2024-10-16,2024-10-19,Same Day,CUST-0013,Customer 71,Home Office,Central,Illinois,Chicago,Furniture,Furnishings,Furnishings Model 185,349.28,5.0,0.0,1746.4
ORD-1012,2024-10-07,2024-10-11,Same Day,CUST-0044,Customer 84,Corporate,West,Washington,Seattle,Office Supplies,Paper,Paper Model 430,405.02,9.0,0.0,3645.18
ORD-1013,2024-01-12,2024-01-15,Standard Class,CUST-0116,Customer 3,Home Office,West,Pennsylvania,Philadelphia,Office Supplies,Art,Art Model 555,181.37,1.0,0.0,181.37
ORD-1014,2023-08-22,2023-08-26,First Class,CUST-0059,Customer 118,Consumer,South,Florida,Miami,Technology,Phones,Phones Model 212,244.99,1.0,0.2,244.99
ORD-1015,2024-01-22,2024-01-23,Standard Class,CUST-0081,Customer 113,Corporate,West,Illinois,Chicago,Office Supplies,Binders,Binders Model 319,130.69,7.0,0.1,914.83
ORD-1016,2024-09-29,2024-10-01,Same Day,CUST-0068,Customer 123,Consumer,Central,Illinois,Chicago,Office Supplies,Labels,Labels Model 393,175.81,1.0,0.2,175.81
ORD-1017,2024-05-25,2024-05-26,Same Day,CUST-0070,Customer 93,Home Office,South,California,Los Angeles,Furniture,Furnishings,Furnishings Model 863,491.79,6.0,0.2,2950.74
ORD-1018,2023-05-28,2023-06-01,Standard Class,CUST-0128,Customer 39,Corporate,South,California,Los Angeles,Technology,Copiers,Copiers Model 740,13.21,3.0,0.2,39.63
ORD-1019,2023-10-25,2023-10-28,Same Day,CUST-0144,Customer 90,Consumer,South,Ohio,Columbus,Technology,Copiers,Copiers Model 671,368.93,2.0,0.0,737.86
ORD-1020,2023-06-09,2023-06-12,Standard Class,CUST-0099,Customer 147,Home Office,South,Ohio,Columbus,Furniture,Tables,Tables Model 251,498.15,5.0,0.0,2490.75
ORD-1021,2024-02-26,2024-03-01,First Class,CUST-0112,Customer 99,Consumer,East,Pennsylvania,Philadelphia,Office Supplies,Binders,Binders Model 995,322.81,1.0,0.3,322.81
ORD-1022,2024-11-11,2024-11-15,Same Day,CUST-0033,Customer 142,Consumer,South,California,Los Angeles,Office Supplies,Paper,Paper Model 603,245.38,3.0,0.0,736.14
ORD-1023,2024-04-14,2024-04-20,Second Class,CUST-0038,Customer 109,Home Office,West,Pennsylvania,Philadelphia,Technology,Accessories,Accessories Model 875,330.52,1.0,0.3,330.52
ORD-1024,2024-04-25,2024-04-30,Standard Class,CUST-0048,Customer 147,Home Office,South,Washington,Seattle,Technology,Accessories,Accessories Model 148,398.43,1.0,0.3,398.43
ORD-1025,2023-04-09,2023-04-13,Standard Class,CUST-0024,Customer 93,Consumer,West,California,Los Angeles,Furniture,Furnishings,Furnishings Model 280,470.53,5.0,0.0,2352.65
ORD-1026,2023-06-10,2023-06-13,Second Class,CUST-0025,Customer 54,Corporate,Central,Florida,Miami,Technology,Accessories,Accessories Model 971,490.26,4.0,0.0,1961.04
ORD-1027,2024-09-30,2024-10-03,Second Class,CUST-0017,Customer 104,Consumer,East,New York,New York City,Office Supplies,Paper,Paper Model 910,309.43,6.0,0.1,1856.58
ORD-1028,2024-02-12,2024-02-17,Second Class,CUST-0135,Customer 57,Consumer,South,Washington,Seattle,Office Supplies,Labels,Labels Model 420,151.77,3.0,0.1,455.31
ORD-1029,2023-02-20,2023-02-21,First Class,CUST-0125,Customer 58,Corporate,West,New York,New York City,Office Supplies,Art,Art Model 404,443.88,2.0,0.1,887.76
ORD-1030,2024-07-25,2024-07-29,Standard Class,CUST-0103,Customer 6,Consumer,South,Washington,Seattle,Office Supplies,Storage,Storage Model 983,67.89,1.0,0.0,67.89
ORD-1031,2024-01-05,2024-01-09,Second Class,CUST-0147,Customer 145,Home Office,Central,New York,New York City,Office Supplies,Storage,Storage Model 703,320.53,4.0,0.0,1282.12
ORD-1032,2023-05-07,2023-05-08,Standard Class,CUST-0129,Customer 58,Corporate,East,Washington,Seattle,Office Supplies,Paper,Paper Model 850,17.55,5.0,0.0,87.75
ORD-1033,2023-09-29,2023-10-04,Same Day,CUST-0069,Customer 22,Consumer,Central,Ohio,Columbus,Office Supplies,Binders,Binders Model 175,331.8,5.0,0.0,1659.0
ORD-1034,2023-08-08,2023-08-13,Standard Class,CUST-0094,Customer 144,Corporate,West,Ohio,Columbus,Office Supplies,Storage,Storage Model 531,380.13,9.0,0.0,3421.17
ORD-1035,2024-06-05,2024-06-11,Same Day,CUST-0034,Customer 138,Corporate,Central,Illinois,Chicago,Furniture,Bookcases,Bookcases Model 541,176.42,5.0,0.1,882.1
ORD-1036,2024-05-11,2024-05-15,Same Day,CUST-0084,Customer 140,Corporate,Central,Florida,Miami,Furniture,Furnishings,Furnishings Model 479,331.05,4.0,0.1,1324.2
ORD-1037,2024-07-30,2024-07-31,Second Class,CUST-0043,Customer 44,Consumer,East,Florida,Miami,Furniture,Chairs,Chairs Model 111,406.55,5.0,0.3,2032.75
ORD-1038,2023-02-04,2023-02-05,Same Day,CUST-0093,Customer 90,Corporate,West,New York,New York City,Technology,Machines,Machines Model 214,14.02,3.0,0.1,42.06
ORD-1039,2024-05-07,2024-05-10,Same Day,CUST-0021,Customer 138,Consumer,East,Illinois,Chicago,Furniture,Bookcases,Bookcases Model 291,63.49,5.0,0.1,317.45
ORD-1040,2023-04-06,2023-04-12,Standard Class,CUST-0012,Customer 113,Home Office,East,Florida,Miami,Technology,Phones,Phones Model 378,367.17,4.0,0.1,1468.68
ORD-1041,2023-03-03,2023-03-07,Standard Class,CUST-0086,Customer 141,Home Office,Central,Florida,Miami,Furniture,Bookcases,Bookcases Model 276,56.05,1.0,0.0,56.05
ORD-1042,2024-01-19,2024-01-23,Second Class,CUST-0111,Customer 144,Consumer,East,Texas,Houston,Furniture,Chairs,Chairs Model 198,424.34,9.0,0.0,3819.06
ORD-1043,2023-05-31,2023-06-01,Standard Class,CUST-0042,Customer 142,Home Office,West,Ohio,Columbus,Furniture,Furnishings,Furnishings Model 232,337.9,4.0,0.0,1351.6
ORD-1044,2023-01-09,2023-01-11,Same Day,CUST-0145,Customer 7,Corporate,East,New York,New York City,Technology,Accessories,Accessories Model 267,275.23,2.0,0.3,550.46
ORD-1045,2023-01-29,2023-02-03,First Class,CUST-0136,Customer 109,Consumer,West,Pennsylvania,Philadelphia,Office Supplies,Binders,Binders Model 599,411.82,2.0,0.0,823.64
ORD-1046,2023-03-11,2023-03-15,First Class,CUST-0108,Customer 91,Corporate,West,Ohio,Columbus,Furniture,Bookcases,Bookcases Model 630,454.31,4.0,0.3,1817.24
ORD-1047,2024-09-29,2024-10-01,Same Day,CUST-0061,Customer 127,Consumer,Central,Washington,Seattle,Technology,Machines,Machines Model 100,248.85,2.0,0.3,497.7
ORD-1048,2024-01-04,2024-01-05,Standard Class,CUST-0117,Customer 134,Corporate,South,Florida,Miami,Technology,Phones,Phones Model 784,122.57,9.0,0.0,1103.13
ORD-1049,2023-07-22,2023-07-26,Same Day,CUST-0147,Customer 20,Consumer,West,Illinois,Chicago,Furniture,Chairs,Chairs Model 146,164.73,6.0,0.0,988.38
ORD-1050,2024-07-19,2024-07-25,Same Day,CUST-0012,Customer 74,Corporate,South,Texas,Houston,Furniture,Chairs,Chairs Model 507,349.4,1.0,0.0,349.4
ORD-1051,2024-10-09,2024-10-11,Second Class,CUST-0028,Customer 101,Consumer,South,Washington,Seattle,Furniture,Furnishings,Furnishings Model 803,88.99,4.0,0.1,355.96
ORD-1052,2024-04-05,2024-04-09,Standard Class,CUST-0141,Customer 46,Home Office,East,Florida,Miami,Technology,Machines,Machines Model 489,21.0,9.0,0.0,189.0
ORD-1053,2023-01-10,2023-01-16,First Class,CUST-0109,Customer 5,Home Office,South,New York,New York City,Office Supplies,Storage,Storage Model 900,364.23,9.0,0.1,3278.07
ORD-1054,2023-10-09,2023-10-10,First Class,CUST-0027,Customer 109,Consumer,Central,Pennsylvania,Philadelphia,Office Supplies,Binders,Binders Model 610,242.78,1.0,0.2,242.78
ORD-1055,2024-10-06,2024-10-12,Standard Class,CUST-0023,Customer 53,Consumer,West,Texas,Houston,Furniture,Chairs,Chairs Model 557,32.91,6.0,0.3,197.46
ORD-1056,2023-01-01,2023-01-04,Standard Class,CUST-0004,Customer 113,Corporate,South,Illinois,Chicago,Technology,Phones,Phones Model 194,124.34,9.0,0.0,1119.06
ORD-1057,2023-11-02,2023-11-06,Second Class,CUST-0133,Customer 57,Consumer,South,California,Los Angeles,Technology,Machines,Machines Model 866,251.59,6.0,0.0,1509.54
ORD-1058,2024-07-31,2024-08-03,First Class,CUST-0038,Customer 50,Corporate,West,Texas,Houston,Technology,Accessories,Accessories Model 897,378.79,5.0,0.0,1893.95
ORD-1059,2023-09-06,2023-09-12,Same Day,CUST-0079,Customer 30,Home Office,West,California,Los Angeles,Technology,Accessories,Accessories Model 662,50.05,2.0,0.3,100.1
ORD-1060,2023-11-26,2023-11-27,Same Day,CUST-0069,Customer 34,Corporate,East,Washington,Seattle,Furniture,Chairs,Chairs Model 549,399.25,8.0,0.0,3194.0
ORD-1061,2024-10-24,2024-10-27,Same Day,CUST-0008,Customer 132,Consumer,Central,Pennsylvania,Philadelphia,Furniture,Tables,Tables Model 963,318.53,3.0,0.0,955.59
ORD-1062,2024-09-25,2024-09-28,Standard Class,CUST-0005,Customer 92,Corporate,East,Texas,Houston,Technology,Accessories,Accessories Model 633,335.44,2.0,0.0,670.88
ORD-1063,2023-12-12,2023-12-18,Standard Class,CUST-0078,Customer 45,Home Office,East,New York,New York City,Furniture,Tables,Tables Model 893,64.71,9.0,0.3,582.39
ORD-1064,2023-04-17,2023-04-22,Second Class,CUST-0036,Customer 1,Consumer,Central,California,Los Angeles,Furniture,Bookcases,Bookcases Model 352,315.81,8.0,0.0,2526.48
ORD-1065,2024-04-18,2024-04-22,Second Class,CUST-0130,Customer 109,Corporate,West,Ohio,Columbus,Technology,Accessories,Accessories Model 798,188.38,6.0,0.0,1130.28
ORD-1066,2023-12-29,2024-01-02,Second Class,CUST-0038,Customer 115,Home Office,South,Illinois,Chicago,Technology,Accessories,Accessories Model 730,345.15,7.0,0.0,2416.05
ORD-1067,2023-08-19,2023-08-25,Second Class,CUST-0044,Customer 25,Consumer,East,New York,New York City,Furniture,Furnishings,Furnishings Model 311,14.94,9.0,0.0,134.46
ORD-1068,2023-05-26,2023-05-30,Second Class,CUST-0034,Customer 111,Consumer,South,Ohio,Columbus,Furniture,Furnishings,Furnishings Model 694,180.78,9.0,0.0,1627.02
ORD-1069,2023-11-16,2023-11-18,Same Day,CUST-0059,Customer 109,Corporate,East,Texas,Houston,Office Supplies,Binders,Binders Model 476,172.04,4.0,0.1,688.16
ORD-1070,2024-05-17,2024-05-21,First Class,CUST-0062,Customer 94,Home Office,South,Pennsylvania,Philadelphia,Furniture,Chairs,Chairs Model 922,55.38,6.0,0.0,332.28
ORD-1071,2024-07-01,2024-07-07,Same Day,CUST-0075,Customer 4,Home Office,West,New York,New York City,Furniture,Bookcases,Bookcases Model 217,30.56,8.0,0.0,244.48
ORD-1072,2024-03-16,2024-03-18,First Class,CUST-0136,Customer 26,Home Office,East,Ohio,Columbus,Furniture,Tables,Tables Model 399,89.59,3.0,0.0,268.77
ORD-1073,2023-08-13,2023-08-17,Same Day,CUST-0047,Customer 1,Corporate,West,California,Los Angeles,Furniture,Tables,Tables Model 419,484.16,4.0,0.2,1936.64
ORD-1074,2023-09-16,2023-09-17,Second Class,CUST-0010,Customer 5,Home Office,West,Pennsylvania,Philadelphia,Office Supplies,Labels,Labels Model 271,255.52,4.0,0.0,1022.08
ORD-1075,2023-11-15,2023-11-20,Standard Class,CUST-0009,Customer 143,Corporate,Central,California,Los Angeles,Office Supplies,Labels,Labels Model 518,343.86,4.0,0.0,1375.44
ORD-1076,2024-01-11,2024-01-14,Second Class,CUST-0076,Customer 35,Consumer,South,California,Los Angeles,Office Supplies,Binders,Binders Model 419,426.11,2.0,0.0,852.22
ORD-1077,2023-08-17,2023-08-23,Second Class,CUST-0035,Customer 5,Home Office,Central,Washington,Seattle,Office Supplies,Art,Art Model 177,421.71,8.0,0.2,3373.68
ORD-1078,2023-10-23,2023-10-29,First Class,CUST-0125,Customer 97,Home Office,Central,Florida,Miami,Office Supplies,Art,Art Model 242,161.52,9.0,0.1,1453.68
ORD-1079,2024-09-07,2024-09-10,First Class,CUST-0134,Customer 67,Home Office,Central,Ohio,Columbus,Furniture,Chairs,Chairs Model 653,180.9,7.0,0.1,1266.3
ORD-1080,2023-08-19,2023-08-22,Standard Class,CUST-0038,Customer 97,Consumer,East,Washington,Seattle,Technology,Accessories,Accessories Model 510,311.94,4.0,0.0,1247.76
ORD-1081,2024-06-05,2024-06-10,Second Class,CUST-0097,Customer 118,Corporate,East,Texas,Houston,Technology,Phones,Phones Model 258,21.6,6.0,0.1,129.6
ORD-1082,2024-10-09,2024-10-14,First Class,CUST-0068,Customer 76,Consumer,West,Illinois,Chicago,Technology,Copiers,Copiers Model 510,231.22,4.0,0.0,924.88
ORD-1083,2023-10-10,2023-10-15,First Class,CUST-0074,Customer 104,Corporate,West,Washington,Seattle,Technology,Accessories,Accessories Model 811,348.5,4.0,0.1,1394.0
ORD-1084,2023-07-29,2023-07-30,First Class,CUST-0104,Customer 60,Home Office,South,California,Los Angeles,Technology,Accessories,Accessories Model 455,147.53,8.0,0.0,1180.24
ORD-1085,2024-01-13,2024-01-14,First Class,CUST-0029,Customer 40,Consumer,West,Pennsylvania,Philadelphia,Furniture,Furnishings,Furnishings Model 878,16.4,1.0,0.3,16.4
ORD-1086,2024-09-13,2024-09-17,First Class,CUST-0057,Customer 1,Home Office,West,Pennsylvania,Philadelphia,Technology,Phones,Phones Model 666,61.05,5.0,0.1,305.25
ORD-1087,2023-05-17,2023-05-19,Standard Class,CUST-0117,Customer 35,Home Office,South,Washington,Seattle,Technology,Copiers,Copiers Model 636,305.91,9.0,0.0,2753.19
ORD-1088,2024-04-19,2024-04-21,Standard Class,CUST-0128,Customer 108,Home Office,Central,Texas,Houston,Office Supplies,Storage,Storage Model 281,461.87,7.0,0.1,3233.09
ORD-1089,2023-06-26,2023-07-01,First Class,CUST-0114,Customer 49,Home Office,East,Ohio,Columbus,Furniture,Bookcases,Bookcases Model 183,86.93,5.0,0.0,434.65
ORD-1090,2023-03-04,2023-03-09,Standard Class,CUST-0071,Customer 1,Consumer,West,Florida,Miami,Furniture,Chairs,Chairs Model 314,280.87,6.0,0.3,1685.22
ORD-1091,2024-04-21,2024-04-27,Same Day,CUST-0019,Customer 18,Consumer,West,Florida,Miami,Technology,Accessories,Accessories Model 470,400.89,1.0,0.0,400.89
ORD-1092,2023-08-10,2023-08-16,First Class,CUST-0132,Customer 129,Consumer,Central,Texas,Houston,Technology,Machines,Machines Model 970,264.57,1.0,0.1,264.57
ORD-1093,2023-06-11,2023-06-15,First Class,CUST-0055,Customer 32,Corporate,Central,California,Los Angeles,Technology,Copiers,Copiers Model 448,139.79,3.0,0.0,419.37
ORD-1094,2023-11-24,2023-11-30,First Class,CUST-0067,Customer 51,Consumer,South,California,Los Angeles,Furniture,Chairs,Chairs Model 363,114.88,8.0,0.2,919.04
ORD-1095,2024-05-05,2024-05-09,Standard Class,CUST-0142,Customer 55,Corporate,Central,Washington,Seattle,Office Supplies,Storage,Storage Model 429,125.37,8.0,0.0,1002.96
ORD-1096,2024-07-01,2024-07-06,Second Class,CUST-0002,Customer 129,Home Office,East,Washington,Seattle,Technology,Phones,Phones Model 622,107.9,3.0,0.0,323.7
ORD-1097,2024-06-15,2024-06-20,Second Class,CUST-0137,Customer 53,Home Office,South,Illinois,Chicago,Office Supplies,Paper,Paper Model 605,184.71,7.0,0.3,1292.97
ORD-1098,2023-05-08,2023-05-09,First Class,CUST-0014,Customer 9,Corporate,East,New York,New York City,Office Supplies,Art,Art Model 380,74.36,8.0,0.2,594.88
ORD-1099,2024-03-17,2024-03-22,Second Class,CUST-0037,Customer 75,Corporate,West,Illinois,Chicago,Technology,Phones,Phones Model 227,73.98,4.0,0.1,295.92
ORD-1100,2023-01-17,2023-01-22,Second Class,CUST-0122,Customer 76,Home Office,East,California,Los Angeles,Furniture,Tables,Tables Model 973,290.38,6.0,0.1,1742.28
ORD-1101,2023-06-17,2023-06-19,Standard Class,CUST-0053,Customer 138,Consumer,East,Washington,Seattle,Office Supplies,Labels,Labels Model 575,135.52,6.0,0.2,813.12
ORD-1102,2023-12-29,2023-12-30,Standard Class,CUST-0036,Customer 115,Corporate,East,Texas,Houston,Office Supplies,Paper,Paper Model 248,213.91,2.0,0.3,427.82
ORD-1103,2023-07-06,2023-07-09,Second Class,CUST-0055,Customer 111,Corporate,West,Pennsylvania,Philadelphia,Technology,Copiers,Copiers Model 168,221.41,4.0,0.0,885.64
ORD-1104,2023-09-01,2023-09-04,Second Class,CUST-0109,Customer 73,Consumer,South,California,Los Angeles,Furniture,Tables,Tables Model 116,20.44,4.0,0.2,81.76
ORD-1105,2023-01-25,2023-01-28,Second Class,CUST-0108,Customer 102,Corporate,South,Texas,Houston,Furniture,Chairs,Chairs Model 374,353.94,8.0,0.1,2831.52
ORD-1106,2023-01-17,2023-01-19,First Class,CUST-0047,Customer 12,Corporate,South,California,Los Angeles,Furniture,Furnishings,Furnishings Model 315,404.68,1.0,0.0,404.68
ORD-1107,2024-01-09,2024-01-15,Standard Class,CUST-0089,Customer 12,Home Office,Central,Florida,Miami,Technology,Copiers,Copiers Model 588,321.28,5.0,0.0,1606.4
ORD-1108,2023-03-27,2023-03-29,Second Class,CUST-0079,Customer 117,Home Office,East,Ohio,Columbus,Furniture,Tables,Tables Model 982,24.52,7.0,0.0,171.64
ORD-1109,2024-01-07,2024-01-10,First Class,CUST-0103,Customer 17,Corporate,Central,New York,New York City,Office Supplies,Storage,Storage Model 251,472.41,2.0,0.0,944.82
ORD-1110,2023-06-20,2023-06-22,First Class,CUST-0108,Customer 39,Home Office,South,Ohio,Columbus,Technology,Copiers,Copiers Model 596,64.68,5.0,0.2,323.4
ORD-1111,2023-01-16,2023-01-21,Same Day,CUST-0126,Customer 55,Home Office,West,New York,New York City,Furniture,Tables,Tables Model 645,162.78,2.0,0.0,325.56
ORD-1112,2023-02-08,2023-02-14,Standard Class,CUST-0062,Customer 16,Home Office,East,Washington,Seattle,Office Supplies,Storage,Storage Model 365,437.98,2.0,0.2,875.96
ORD-1113,2024-07-30,2024-08-05,First Class,CUST-0142,Customer 120,Corporate,West,California,Los Angeles,Office Supplies,Binders,Binders Model 423,171.5,4.0,0.0,686.0
ORD-1114,2024-08-07,2024-08-08,Same Day,CUST-0140,Customer 37,Consumer,East,California,Los Angeles,Office Supplies,Labels,Labels Model 479,25.84,1.0,0.0,25.84
ORD-1115,2024-07-17,2024-07-21,Same Day,CUST-0148,Customer 93,Home Office,West,Texas,Houston,Office Supplies,Storage,Storage Model 984,452.34,2.0,0.0,904.68
ORD-1116,2023-08-06,2023-08-07,Second Class,CUST-0003,Customer 120,Corporate,East,California,Los Angeles,Technology,Phones,Phones Model 872,64.57,2.0,0.0,129.14
ORD-1117,2024-07-26,2024-07-29,First Class,CUST-0082,Customer 62,Consumer,South,New York,New York City,Office Supplies,Binders,Binders Model 102,261.54,4.0,0.1,1046.16
ORD-1118,2024-08-02,2024-08-08,Second Class,CUST-0011,Customer 105,Home Office,Central,Illinois,Chicago,Technology,Machines,Machines Model 640,313.35,9.0,0.0,2820.15
ORD-1119,2023-09-18,2023-09-21,Second Class,CUST-0124,Customer 38,Home Office,East,Texas,Houston,Furniture,Bookcases,Bookcases Model 275,478.05,9.0,0.0,4302.45
ORD-1120,2024-08-15,2024-08-17,Standard Class,CUST-0062,Customer 93,Home Office,West,Florida,Miami,Office Supplies,Paper,Paper Model 422,45.12,5.0,0.0,225.6
ORD-1121,2023-08-04,2023-08-07,Same Day,CUST-0092,Customer 97,Home Office,Central,Florida,Miami,Office Supplies,Storage,Storage Model 915,432.92,1.0,0.0,432.92
ORD-1122,2023-06-19,2023-06-23,First Class,CUST-0007,Customer 133,Home Office,East,Ohio,Columbus,Furniture,Chairs,Chairs Model 925,419.32,9.0,0.0,3773.88
ORD-1123,2024-07-04,2024-07-06,Second Class,CUST-0077,Customer 12,Home Office,West,Washington,Seattle,Furniture,Bookcases,Bookcases Model 323,440.14,5.0,0.0,2200.7
ORD-1124,2023-12-26,2023-12-28,Same Day,CUST-0088,Customer 109,Home Office,South,Washington,Seattle,Furniture,Tables,Tables Model 425,166.58,9.0,0.0,1499.22
ORD-1125,2024-02-16,2024-02-20,Second Class,CUST-0037,Customer 22,Corporate,South,Ohio,Columbus,Technology,Machines,Machines Model 830,14.12,9.0,0.1,127.08
ORD-1126,2023-01-22,2023-01-24,First Class,CUST-0050,Customer 14,Home Office,East,Florida,Miami,Furniture,Furnishings,Furnishings Model 815,38.34,6.0,0.0,230.04
ORD-1127,2023-02-02,2023-02-08,First Class,CUST-0058,Customer 26,Corporate,West,Ohio,Columbus,Technology,Accessories,Accessories Model 837,299.23,7.0,0.0,2094.61
ORD-1128,2023-06-06,2023-06-09,Same Day,CUST-0130,Customer 84,Corporate,Central,Washington,Seattle,Furniture,Furnishings,Furnishings Model 638,261.05,9.0,0.0,2349.45
ORD-1129,2023-01-21,2023-01-26,Same Day,CUST-0006,Customer 147,Consumer,East,Texas,Houston,Technology,Phones,Phones Model 486,481.8,8.0,0.3,3854.4
ORD-1130,2023-06-12,2023-06-13,Same Day,CUST-0012,Customer 18,Home Office,South,California,Los Angeles,Technology,Phones,Phones Model 307,163.77,6.0,0.1,982.62
ORD-1131,2024-08-27,2024-09-01,First Class,CUST-0027,Customer 50,Home Office,Central,Florida,Miami,Technology,Copiers,Copiers Model 448,83.83,5.0,0.0,419.15
ORD-1132,2024-07-11,2024-07-12,Second Class,CUST-0017,Customer 126,Consumer,West,Pennsylvania,Philadelphia,Furniture,Furnishings,Furnishings Model 930,460.82,3.0,0.3,1382.46
ORD-1133,2023-03-05,2023-03-10,Same Day,CUST-0021,Customer 18,Corporate,South,California,Los Angeles,Office Supplies,Labels,Labels Model 437,138.15,8.0,0.2,1105.2
ORD-1134,2023-04-12,2023-04-13,First Class,CUST-0088,Customer 41,Consumer,South,Florida,Miami,Office Supplies,Storage,Storage Model 988,349.02,1.0,0.3,349.02
ORD-1135,2023-01-02,2023-01-03,Standard Class,CUST-0077,Customer 116,Corporate,West,California,Los Angeles,Office Supplies,Art,Art Model 202,352.72,8.0,0.1,2821.76
ORD-1136,2023-04-16,2023-04-20,Same Day,CUST-0061,Customer 123,Corporate,East,California,Los Angeles,Office Supplies,Paper,Paper Model 873,346.29,2.0,0.1,692.58
ORD-1137,2023-09-21,2023-09-23,Second Class,CUST-0084,Customer 62,Home Office,Central,Washington,Seattle,Furniture,Bookcases,Bookcases Model 482,308.41,9.0,0.1,2775.69
ORD-1138,2023-11-10,2023-11-16,First Class,CUST-0003,Customer 127,Consumer,South,New York,New York City,Technology,Accessories,Accessories Model 973,447.93,4.0,0.0,1791.72
ORD-1139,2024-06-20,2024-06-25,Same Day,CUST-0147,Customer 55,Corporate,South,Texas,Houston,Office Supplies,Storage,Storage Model 784,363.79,7.0,0.3,2546.53
ORD-1140,2024-08-16,2024-08-22,First Class,CUST-0037,Customer 96,Consumer,Central,New York,New York City,Furniture,Bookcases,Bookcases Model 742,219.66,3.0,0.3,658.98
ORD-1141,2023-11-28,2023-11-29,Same Day,CUST-0024,Customer 148,Consumer,South,Pennsylvania,Philadelphia,Office Supplies,Storage,Storage Model 831,341.71,6.0,0.0,2050.26
ORD-1142,2024-08-30,2024-08-31,Second Class,CUST-0117,Customer 98,Corporate,Central,Washington,Seattle,Office Supplies,Art,Art Model 517,254.9,2.0,0.0,509.8
ORD-1143,2023-09-25,2023-09-28,Second Class,CUST-0040,Customer 21,Home Office,East,Illinois,Chicago,Office Supplies,Paper,Paper Model 966,496.11,6.0,0.0,2976.66
ORD-1144,2024-06-09,2024-06-15,First Class,CUST-0037,Customer 69,Corporate,East,New York,New York City,Office Supplies,Art,Art Model 652,454.97,7.0,0.1,3184.79
ORD-1145,2023-03-25,2023-03-27,Same Day,CUST-0145,Customer 123,Consumer,East,Ohio,Columbus,Office Supplies,Art,Art Model 127,205.49,8.0,0.0,1643.92
ORD-1146,2024-11-06,2024-11-11,First Class,CUST-0031,Customer 139,Corporate,Central,Ohio,Columbus,Office Supplies,Storage,Storage Model 729,330.08,1.0,0.3,330.08
ORD-1147,2023-05-13,2023-05-17,First Class,CUST-0001,Customer 57,Corporate,South,Florida,Miami,Office Supplies,Paper,Paper Model 383,227.14,9.0,0.0,2044.26
ORD-1148,2023-06-14,2023-06-15,Same Day,CUST-0044,Customer 56,Home Office,Central,California,Los Angeles,Furniture,Bookcases,Bookcases Model 719,369.52,5.0,0.3,1847.6
ORD-1149,2024-05-25,2024-05-30,Second Class,CUST-0029,Customer 1,Home Office,Central,Washington,Seattle,Technology,Phones,Phones Model 297,21.92,2.0,0.0,43.84
ORD-1150,2024-11-21,2024-11-27,Second Class,CUST-0020,Customer 43,Corporate,West,Washington,Seattle,Furniture,Chairs,Chairs Model 316,48.84,1.0,0.0,48.84
ORD-1151,2023-06-27,2023-07-01,Same Day,CUST-0128,Customer 126,Consumer,South,Pennsylvania,Philadelphia,Office Supplies,Labels,Labels Model 435,434.62,8.0,0.2,3476.96
ORD-1152,2023-12-07,2023-12-08,Same Day,CUST-0096,Customer 102,Consumer,Central,Ohio,Columbus,Office Supplies,Paper,Paper Model 185,367.78,8.0,0.1,2942.24
ORD-1153,2024-03-02,2024-03-04,Second Class,CUST-0145,Customer 26,Home Office,South,Pennsylvania,Philadelphia,Technology,Machines,Machines Model 980,332.51,7.0,0.1,2327.57
ORD-1154,2023-01-01,2023-01-04,Same Day,CUST-0142,Customer 53,Consumer,East,Ohio,Columbus,Technology,Copiers,Copiers Model 701,398.78,4.0,0.0,1595.12
ORD-1155,2023-06-10,2023-06-11,Same Day,CUST-0013,Customer 73,Consumer,East,California,Los Angeles,Office Supplies,Art,Art Model 258,83.85,6.0,0.0,503.1
ORD-1156,2024-10-05,2024-10-11,Second Class,CUST-0082,Customer 141,Consumer,Central,Texas,Houston,Furniture,Bookcases,Bookcases Model 950,439.87,6.0,0.0,2639.22
ORD-1157,2024-10-16,2024-10-17,Second Class,CUST-0143,Customer 149,Home Office,South,Washington,Seattle,Furniture,Bookcases,Bookcases Model 704,190.96,6.0,0.0,1145.76
ORD-1158,2023-04-12,2023-04-14,First Class,CUST-0110,Customer 74,Corporate,West,Texas,Houston,Furniture,Chairs,Chairs Model 876,122.58,1.0,0.2,122.58
ORD-1159,2024-09-20,2024-09-25,Standard Class,CUST-0012,Customer 133,Corporate,South,New York,New York City,Technology,Phones,Phones Model 392,261.05,2.0,0.0,522.1
ORD-1160,2024-05-12,2024-05-16,First Class,CUST-0021,Customer 107,Home Office,South,Texas,Houston,Technology,Copiers,Copiers Model 914,240.96,7.0,0.0,1686.72
ORD-1161,2023-02-20,2023-02-24,Standard Class,CUST-0019,Customer 34,Corporate,East,Illinois,Chicago,Furniture,Furnishings,Furnishings Model 472,477.56,4.0,0.2,1910.24
ORD-1162,2024-02-24,2024-03-01,Second Class,CUST-0077,Customer 132,Corporate,East,New York,New York City,Office Supplies,Storage,Storage Model 449,465.15,3.0,0.1,1395.45
ORD-1163,2023-06-08,2023-06-09,Standard Class,CUST-0042,Customer 36,Corporate,Central,New York,New York City,Technology,Accessories,Accessories Model 921,342.15,7.0,0.0,2395.05
ORD-1164,2023-04-28,2023-05-03,Same Day,CUST-0137,Customer 26,Consumer,Central,Pennsylvania,Philadelphia,Furniture,Furnishings,Furnishings Model 109,261.05,7.0,0.0,1827.35
ORD-1165,2023-06-03,2023-06-06,Same Day,CUST-0050,Customer 19,Home Office,West,Illinois,Chicago,Office Supplies,Binders,Binders Model 956,420.73,8.0,0.0,3365.84
ORD-1166,2024-08-03,2024-08-04,Same Day,CUST-0119,Customer 149,Consumer,West,Texas,Houston,Office Supplies,Storage,Storage Model 531,313.81,1.0,0.1,313.81
ORD-1167,2024-10-11,2024-10-12,Standard Class,CUST-0002,Customer 64,Home Office,Central,Pennsylvania,Philadelphia,Furniture,Bookcases,Bookcases Model 696,118.97,7.0,0.2,832.79
ORD-1168,2024-04-03,2024-04-07,First Class,CUST-0068,Customer 102,Corporate,South,Pennsylvania,Philadelphia,Office Supplies,Storage,Storage Model 266,224.14,7.0,0.0,1568.98
ORD-1169,2024-11-06,2024-11-09,Same Day,CUST-0097,Customer 123,Corporate,East,California,Los Angeles,Furniture,Tables,Tables Model 807,136.12,5.0,0.0,680.6
ORD-1170,2024-06-22,2024-06-27,Second Class,CUST-0050,Customer 67,Corporate,South,Florida,Miami,Furniture,Chairs,Chairs Model 480,416.77,5.0,0.3,2083.85
ORD-1171,2024-09-05,2024-09-06,Second Class,CUST-0030,Customer 116,Corporate,South,Texas,Houston,Office Supplies,Storage,Storage Model 541,261.05,2.0,0.3,522.1
ORD-1172,2024-03-21,2024-03-27,First Class,CUST-0144,Customer 12,Consumer,South,California,Los Angeles,Furniture,Chairs,Chairs Model 747,319.31,9.0,0.1,2873.79
ORD-1173,2024-09-18,2024-09-24,Same Day,CUST-0104,Customer 108,Consumer,East,Illinois,Chicago,Technology,Copiers,Copiers Model 385,194.35,7.0,0.3,1360.45
ORD-1174,2024-04-04,2024-04-10,Second Class,CUST-0142,Customer 36,Consumer,Central,Washington,Seattle,Furniture,Furnishings,Furnishings Model 213,313.67,2.0,0.0,627.34
ORD-1175,2024-03-24,2024-03-27,Same Day,CUST-0055,Customer 6,Home Office,West,Texas,Houston,Furniture,Tables,Tables Model 242,193.55,2.0,0.2,387.1
ORD-1176,2024-11-08,2024-11-10,First Class,CUST-0134,Customer 67,Home Office,South,Illinois,Chicago,Office Supplies,Art,Art Model 625,426.46,1.0,0.1,426.46
ORD-1177,2023-05-10,2023-05-13,Second Class,CUST-0020,Customer 10,Consumer,West,New York,New York City,Furniture,Bookcases,Bookcases Model 892,204.48,2.0,0.2,408.96
ORD-1178,2023-12-02,2023-12-08,Standard Class,CUST-0131,Customer 134,Consumer,East,Pennsylvania,Philadelphia,Furniture,Tables,Tables Model 216,160.3,1.0,0.0,160.3
ORD-1179,2023-06-22,2023-06-26,Same Day,CUST-0128,Customer 96,Consumer,Central,Washington,Seattle,Office Supplies,Labels,Labels Model 945,17.78,9.0,0.3,160.02
ORD-1180,2023-02-12,2023-02-18,Same Day,CUST-0031,Customer 5,Home Office,West,New York,New York City,Office Supplies,Labels,Labels Model 877,57.3,6.0,0.0,343.8
ORD-1181,2023-02-25,2023-02-26,First Class,CUST-0137,Customer 99,Consumer,East,Ohio,Columbus,Furniture,Tables,Tables Model 255,244.88,2.0,0.0,489.76
ORD-1182,2024-09-06,2024-09-07,First Class,CUST-0124,Customer 52,Consumer,South,Illinois,Chicago,Office Supplies,Storage,Storage Model 519,92.99,1.0,0.3,92.99
ORD-1183,2024-04-27,2024-04-30,Second Class,CUST-0014,Customer 86,Consumer,West,Washington,Seattle,Office Supplies,Paper,Paper Model 282,69.7,4.0,0.0,278.8
ORD-1184,2024-10-11,2024-10-13,First Class,CUST-0133,Customer 65,Consumer,East,Florida,Miami,Office Supplies,Storage,Storage Model 341,212.2,6.0,0.0,1273.2
ORD-1185,2024-11-02,2024-11-06,First Class,CUST-0139,Customer 149,Home Office,East,California,Los Angeles,Furniture,Chairs,Chairs Model 893,103.43,5.0,0.0,517.15
ORD-1186,2024-03-11,2024-03-16,Second Class,CUST-0021,Customer 42,Consumer,East,Pennsylvania,Philadelphia,Office Supplies,Art,Art Model 204,433.01,2.0,0.2,866.02
ORD-1187,2024-07-25,2024-07-30,Second Class,CUST-0058,Customer 21,Home Office,Central,California,Los Angeles,Furniture,Furnishings,Furnishings Model 901,161.13,1.0,0.1,161.13
ORD-1188,2023-06-22,2023-06-25,Same Day,CUST-0087,Customer 101,Consumer,South,Illinois,Chicago,Technology,Machines,Machines Model 604,320.15,1.0,0.3,320.15
ORD-1189,2024-10-25,2024-10-26,Same Day,CUST-0021,Customer 58,Home Office,West,Illinois,Chicago,Technology,Accessories,Accessories Model 327,331.22,3.0,0.2,993.66
ORD-1190,2024-06-23,2024-06-26,Same Day,CUST-0005,Customer 5,Corporate,West,Texas,Houston,Technology,Copiers,Copiers Model 451,388.45,7.0,0.2,2719.15
ORD-1191,2023-11-25,2023-11-27,Second Class,CUST-0049,Customer 36,Corporate,South,Ohio,Columbus,Office Supplies,Art,Art Model 689,449.96,8.0,0.0,3599.68
ORD-1192,2024-01-05,2024-01-07,Same Day,CUST-0140,Customer 91,Corporate,West,Illinois,Chicago,Furniture,Chairs,Chairs Model 880,480.11,7.0,0.0,3360.77
ORD-1193,2024-06-05,2024-06-06,Second Class,CUST-0059,Customer 78,Corporate,East,Florida,Miami,Furniture,Furnishings,Furnishings Model 725,375.3,2.0,0.0,750.6
ORD-1194,2023-10-15,2023-10-18,Standard Class,CUST-0120,Customer 109,Home Office,West,Pennsylvania,Philadelphia,Office Supplies,Art,Art Model 643,124.14,5.0,0.3,620.7
ORD-1195,2024-02-01,2024-02-07,Second Class,CUST-0136,Customer 46,Corporate,Central,Illinois,Chicago,Office Supplies,Binders,Binders Model 762,132.92,2.0,0.0,265.84
ORD-1196,2024-04-10,2024-04-12,Standard Class,CUST-0027,Customer 50,Home Office,Central,Illinois,Chicago,Technology,Copiers,Copiers Model 506,274.79,9.0,0.0,2473.11
ORD-1197,2024-09-21,2024-09-24,Standard Class,CUST-0030,Customer 109,Home Office,East,Ohio,Columbus,Furniture,Tables,Tables Model 227,273.41,1.0,0.2,273.41
ORD-1198,2023-09-18,2023-09-21,Same Day,CUST-0104,Customer 64,Corporate,West,California,Los Angeles,Furniture,Bookcases,Bookcases Model 590,84.62,8.0,0.0,676.96
ORD-1199,2023-03-07,2023-03-08,Standard Class,CUST-0137,Customer 86,Corporate,West,Florida,Miami,Furniture,Tables,Tables Model 413,372.46,7.0,0.2,2607.22
ORD-1200,2024-03-12,2024-03-13,First Class,CUST-0144,Customer 70,Home Office,East,Washington,Seattle,Office Supplies,Art,Art Model 797,374.14,9.0,0.1,3367.26
ORD-1201,2023-08-15,2023-08-17,Second Class,CUST-0054,Customer 103,Consumer,West,Illinois,Chicago,Technology,Phones,Phones Model 137,323.47,8.0,0.0,2587.76
ORD-1202,2023-04-29,2023-05-03,Same Day,CUST-0003,Customer 80,Corporate,Central,Illinois,Chicago,Office Supplies,Art,Art Model 599,94.75,4.0,0.0,379.0
ORD-1203,2023-03-01,2023-03-04,First Class,CUST-0110,Customer 109,Corporate,West,California,Los Angeles,Office Supplies,Paper,Paper Model 216,301.69,3.0,0.3,905.07
ORD-1204,2023-07-02,2023-07-03,Standard Class,CUST-0146,Customer 63,Consumer,Central,Ohio,Columbus,Technology,Copiers,Copiers Model 575,261.05,4.0,0.0,1044.2
ORD-1205,2023-06-10,2023-06-11,Same Day,CUST-0148,Customer 47,Home Office,Central,Pennsylvania,Philadelphia,Technology,Accessories,Accessories Model 809,499.18,6.0,0.0,2995.08
ORD-1206,2024-08-24,2024-08-29,Same Day,CUST-0061,Customer 138,Corporate,Central,California,Los Angeles,Technology,Machines,Machines Model 718,374.87,7.0,0.0,2624.09
ORD-1207,2024-07-16,2024-07-21,Second Class,CUST-0035,Customer 46,Corporate,Central,Texas,Houston,Furniture,Tables,Tables Model 680,416.69,6.0,0.0,2500.14
ORD-1208,2023-03-15,2023-03-20,Second Class,CUST-0090,Customer 4,Corporate,Central,Washington,Seattle,Furniture,Furnishings,Furnishings Model 394,97.12,1.0,0.0,97.12
ORD-1209,2023-07-01,2023-07-07,Same Day,CUST-0057,Customer 31,Consumer,South,Washington,Seattle,Office Supplies,Storage,Storage Model 824,221.24,9.0,0.3,1991.16
ORD-1210,2023-06-12,2023-06-16,Same Day,CUST-0138,Customer 80,Corporate,Central,Pennsylvania,Philadelphia,Office Supplies,Art,Art Model 717,27.07,6.0,0.3,162.42
ORD-1211,2023-08-16,2023-08-19,Second Class,CUST-0107,Customer 21,Corporate,East,Washington,Seattle,Furniture,Chairs,Chairs Model 618,137.73,9.0,0.0,1239.57
ORD-1212,2024-03-01,2024-03-03,Same Day,CUST-0128,Customer 142,Consumer,East,Washington,Seattle,Office Supplies,Paper,Paper Model 413,367.56,4.0,0.0,1470.24
ORD-1213,2023-11-01,2023-11-04,Standard Class,CUST-0085,Customer 128,Consumer,East,Texas,Houston,Furniture,Tables,Tables Model 524,76.76,7.0,0.1,537.32
ORD-1214,2023-10-16,2023-10-17,Standard Class,CUST-0061,Customer 98,Corporate,Central,Florida,Miami,Furniture,Tables,Tables Model 780,361.4,9.0,0.0,3252.6
ORD-1215,2024-05-08,2024-05-14,Standard Class,CUST-0074,Customer 85,Consumer,West,New York,New York City,Technology,Machines,Machines Model 121,276.68,2.0,0.0,553.36
ORD-1216,2024-11-09,2024-11-15,Same Day,CUST-0038,Customer 59,Corporate,Central,Washington,Seattle,Furniture,Tables,Tables Model 803,53.29,3.0,0.0,159.87
ORD-1217,2024-06-15,2024-06-17,Same Day,CUST-0110,Customer 109,Corporate,Central,Ohio,Columbus,Technology,Accessories,Accessories Model 475,251.14,5.0,0.0,1255.7
ORD-1218,2023-01-26,2023-01-27,Second Class,CUST-0131,Customer 44,Consumer,West,Ohio,Columbus,Furniture,Bookcases,Bookcases Model 326,440.39,9.0,0.1,3963.51
ORD-1219,2023-11-03,2023-11-06,Same Day,CUST-0074,Customer 8,Consumer,South,Florida,Miami,Office Supplies,Art,Art Model 584,228.59,2.0,0.2,457.18
ORD-1220,2024-07-07,2024-07-11,Second Class,CUST-0012,Customer 130,Home Office,South,Washington,Seattle,Furniture,Furnishings,Furnishings Model 486,399.97,8.0,0.1,3199.76
ORD-1221,2023-08-08,2023-08-09,Same Day,CUST-0008,Customer 101,Home Office,East,Ohio,Columbus,Furniture,Bookcases,Bookcases Model 359,449.11,8.0,0.0,3592.88
ORD-1222,2024-07-28,2024-08-02,Standard Class,CUST-0021,Customer 13,Corporate,South,Ohio,Columbus,Office Supplies,Storage,Storage Model 201,441.8,7.0,0.0,3092.6
ORD-1223,2023-05-11,2023-05-12,Standard Class,CUST-0148,Customer 126,Corporate,East,Washington,Seattle,Office Supplies,Storage,Storage Model 326,85.31,5.0,0.0,426.55
ORD-1224,2024-03-09,2024-03-15,Same Day,CUST-0121,Customer 139,Corporate,Central,Texas,Houston,Furniture,Furnishings,Furnishings Model 463,429.8,4.0,0.0,1719.2
ORD-1225,2024-08-10,2024-08-14,Second Class,CUST-0021,Customer 34,Consumer,Central,Pennsylvania,Philadelphia,Furniture,Chairs,Chairs Model 437,130.89,6.0,0.2,785.34
ORD-1226,2024-09-11,2024-09-14,First Class,CUST-0091,Customer 33,Consumer,South,Pennsylvania,Philadelphia,Office Supplies,Storage,Storage Model 165,327.32,6.0,0.0,1963.92
ORD-1227,2023-07-20,2023-07-24,Standard Class,CUST-0087,Customer 128,Home Office,Central,Washington,Seattle,Technology,Copiers,Copiers Model 615,6.89,7.0,0.0,48.23
ORD-1228,2023-11-09,2023-11-14,Second Class,CUST-0142,Customer 145,Home Office,East,Illinois,Chicago,Office Supplies,Binders,Binders Model 966,111.69,5.0,0.2,558.45
ORD-1229,2023-09-08,2023-09-11,First Class,CUST-0091,Customer 98,Corporate,West,Ohio,Columbus,Furniture,Bookcases,Bookcases Model 241,133.84,1.0,0.0,133.84
ORD-1230,2024-05-21,2024-05-25,Standard Class,CUST-0088,Customer 14,Corporate,West,California,Los Angeles,Furniture,Furnishings,Furnishings Model 826,68.78,3.0,0.0,206.34
ORD-1231,2024-03-01,2024-03-04,Same Day,CUST-0071,Customer 63,Consumer,Central,California,Los Angeles,Office Supplies,Binders,Binders Model 735,149.65,3.0,0.2,448.95
ORD-1232,2023-04-30,2023-05-06,Standard Class,CUST-0030,Customer 9,Consumer,South,Illinois,Chicago,Technology,Phones,Phones Model 919,144.35,4.0,0.0,577.4
ORD-1233,2023-11-30,2023-12-06,Same Day,CUST-0068,Customer 8,Corporate,East,California,Los Angeles,Furniture,Tables,Tables Model 736,301.19,3.0,0.0,903.57
ORD-1234,2023-03-03,2023-03-04,Second Class,CUST-0012,Customer 35,Home Office,South,Florida,Miami,Office Supplies,Binders,Binders Model 593,494.57,7.0,0.0,3461.99
ORD-1235,2024-11-14,2024-11-15,Standard Class,CUST-0137,Customer 68,Home Office,East,Illinois,Chicago,Office Supplies,Labels,Labels Model 581,263.12,5.0,0.3,1315.6
ORD-1236,2024-03-13,2024-03-17,First Class,CUST-0015,Customer 105,Home Office,West,Pennsylvania,Philadelphia,Furniture,Furnishings,Furnishings Model 919,261.14,8.0,0.3,2089.12
ORD-1237,2024-05-19,2024-05-24,Same Day,CUST-0055,Customer 92,Corporate,South,Texas,Houston,Furniture,Tables,Tables Model 678,305.51,3.0,0.0,916.53
ORD-1238,2023-12-27,2023-12-28,Same Day,CUST-0006,Customer 145,Consumer,South,Florida,Miami,Office Supplies,Art,Art Model 361,475.51,2.0,0.2,951.02
ORD-1239,2023-04-03,2023-04-08,First Class,CUST-0142,Customer 35,Consumer,South,California,Los Angeles,Office Supplies,Storage,Storage Model 923,74.31,1.0,0.0,74.31
ORD-1240,2023-07-09,2023-07-12,Same Day,CUST-0097,Customer 90,Home Office,East,Washington,Seattle,Furniture,Chairs,Chairs Model 856,270.82,1.0,0.0,270.82
ORD-1241,2023-08-21,2023-08-22,Standard Class,CUST-0049,Customer 41,Consumer,South,Florida,Miami,Furniture,Furnishings,Furnishings Model 888,258.77,6.0,0.0,1552.62
ORD-1242,2024-05-08,2024-05-11,Standard Class,CUST-0127,Customer 46,Consumer,East,Texas,Houston,Technology,Accessories,Accessories Model 267,256.17,9.0,0.0,2305.53
ORD-1243,2023-09-25,2023-09-30,Standard Class,CUST-0045,Customer 90,Home Office,South,Florida,Miami,Technology,Copiers,Copiers Model 349,441.72,5.0,0.0,2208.6
ORD-1244,2024-03-06,2024-03-07,Same Day,CUST-0082,Customer 146,Corporate,South,Ohio,Columbus,Furniture,Furnishings,Furnishings Model 772,432.13,7.0,0.0,3024.91
ORD-1245,2023-03-25,2023-03-26,Same Day,CUST-0122,Customer 143,Consumer,Central,California,Los Angeles,Technology,Copiers,Copiers Model 869,187.68,3.0,0.3,563.04
ORD-1246,2023-09-23,2023-09-29,First Class,CUST-0118,Customer 121,Home Office,South,New York,New York City,Technology,Phones,Phones Model 870,340.94,2.0,0.2,681.88
ORD-1247,2023-12-16,2023-12-18,Standard Class,CUST-0012,Customer 65,Home Office,East,California,Los Angeles,Office Supplies,Storage,Storage Model 456,371.79,6.0,0.2,2230.74
ORD-1248,2023-10-21,2023-10-25,Second Class,CUST-0107,Customer 146,Home Office,East,Illinois,Chicago,Furniture,Tables,Tables Model 474,281.53,9.0,0.0,2533.77
ORD-1249,2023-07-14,2023-07-18,First Class,CUST-0041,Customer 63,Home Office,South,Washington,Seattle,Furniture,Chairs,Chairs Model 174,431.56,2.0,0.2,863.12
ORD-1250,2024-11-09,2024-11-11,Same Day,CUST-0007,Customer 56,Consumer,East,Florida,Miami,Office Supplies,Storage,Storage Model 658,302.53,4.0,0.3,1210.12
ORD-1251,2024-02-23,2024-02-26,First Class,CUST-0126,Customer 139,Consumer,East,Ohio,Columbus,Technology,Phones,Phones Model 905,261.03,2.0,0.3,522.06
ORD-1252,2024-04-30,2024-05-01,Same Day,CUST-0113,Customer 109,Corporate,East,Ohio,Columbus,Furniture,Furnishings,Furnishings Model 475,185.47,4.0,0.3,741.88
ORD-1253,2023-06-04,2023-06-10,First Class,CUST-0051,Customer 50,Corporate,Central,Pennsylvania,Philadelphia,Technology,Accessories,Accessories Model 224,482.19,4.0,0.1,1928.76
ORD-1254,2023-05-05,2023-05-10,Same Day,CUST-0101,Customer 35,Home Office,West,New York,New York City,Technology,Phones,Phones Model 807,148.18,5.0,0.1,740.9
ORD-1255,2023-04-19,2023-04-25,Standard Class,CUST-0049,Customer 141,Corporate,East,Washington,Seattle,Office Supplies,Art,Art Model 953,274.96,4.0,0.0,1099.84
ORD-1256,2023-12-20,2023-12-25,Second Class,CUST-0085,Customer 127,Consumer,South,Texas,Houston,Furniture,Bookcases,Bookcases Model 238,420.08,3.0,0.1,1260.24
ORD-1257,2024-04-27,2024-05-02,Second Class,CUST-0139,Customer 17,Home Office,South,Ohio,Columbus,Technology,Copiers,Copiers Model 949,261.05,8.0,0.0,2088.4
ORD-1258,2024-06-03,2024-06-07,Standard Class,CUST-0101,Customer 118,Home Office,Central,Illinois,Chicago,Office Supplies,Binders,Binders Model 163,397.3,3.0,0.0,1191.9
ORD-1259,2024-07-12,2024-07-16,Standard Class,CUST-0139,Customer 5,Consumer,South,Pennsylvania,Philadelphia,Technology,Phones,Phones Model 119,261.05,6.0,0.0,1566.3
ORD-1260,2023-05-27,2023-05-29,Same Day,CUST-0052,Customer 96,Corporate,Central,Florida,Miami,Furniture,Tables,Tables Model 794,261.05,6.0,0.0,1566.3
ORD-1261,2023-08-04,2023-08-07,Same Day,CUST-0082,Customer 92,Home Office,Central,Texas,Houston,Office Supplies,Art,Art Model 850,146.46,1.0,0.0,146.46
ORD-1262,2023-12-03,2023-12-04,Same Day,CUST-0072,Customer 147,Home Office,West,California,Los Angeles,Technology,Phones,Phones Model 422,240.86,9.0,0.3,2167.74
ORD-1263,2024-04-24,2024-04-30,Second Class,CUST-0067,Customer 54,Corporate,West,Illinois,Chicago,Technology,Phones,Phones Model 419,257.66,7.0,0.1,1803.62
ORD-1264,2024-10-25,2024-10-28,Second Class,CUST-0057,Customer 47,Home Office,Central,Florida,Miami,Office Supplies,Labels,Labels Model 469,182.56,5.0,0.0,912.8
ORD-1265,2023-03-06,2023-03-10,Standard Class,CUST-0001,Customer 143,Consumer,East,California,Los Angeles,Office Supplies,Binders,Binders Model 843,49.46,7.0,0.2,346.22
ORD-1266,2024-06-30,2024-07-02,Same Day,CUST-0023,Customer 9,Corporate,West,Ohio,Columbus,Furniture,Furnishings,Furnishings Model 483,330.98,1.0,0.3,330.98
ORD-1267,2023-07-07,2023-07-12,Same Day,CUST-0034,Customer 45,Consumer,Central,Illinois,Chicago,Office Supplies,Storage,Storage Model 222,177.67,3.0,0.0,533.01
ORD-1268,2024-01-15,2024-01-21,Second Class,CUST-0013,Customer 111,Home Office,South,Washington,Seattle,Office Supplies,Paper,Paper Model 389,43.05,7.0,0.1,301.35
ORD-1269,2024-07-20,2024-07-23,Same Day,CUST-0053,Customer 39,Consumer,East,Pennsylvania,Philadelphia,Technology,Accessories,Accessories Model 332,402.72,8.0,0.0,3221.76
ORD-1270,2023-11-09,2023-11-10,First Class,CUST-0081,Customer 23,Corporate,West,Pennsylvania,Philadelphia,Office Supplies,Labels,Labels Model 109,21.67,3.0,0.0,65.01
ORD-1271,2023-06-27,2023-07-01,Same Day,CUST-0053,Customer 79,Corporate,West,Pennsylvania,Philadelphia,Office Supplies,Art,Art Model 802,320.36,2.0,0.0,640.72
ORD-1272,2024-09-22,2024-09-28,Same Day,CUST-0098,Customer 127,Home Office,East,New York,New York City,Furniture,Bookcases,Bookcases Model 815,388.8,2.0,0.3,777.6
ORD-1273,2023-06-03,2023-06-05,Second Class,CUST-0038,Customer 87,Corporate,South,Florida,Miami,Furniture,Bookcases,Bookcases Model 489,55.86,1.0,0.1,55.86
ORD-1274,2024-09-10,2024-09-13,First Class,CUST-0100,Customer 82,Home Office,Central,California,Los Angeles,Furniture,Furnishings,Furnishings Model 240,371.75,9.0,0.0,3345.75
ORD-1275,2024-11-21,2024-11-26,Second Class,CUST-0060,Customer 109,Home Office,West,California,Los Angeles,Technology,Phones,Phones Model 274,191.77,8.0,0.3,1534.16
ORD-1276,2024-06-19,2024-06-23,Standard Class,CUST-0025,Customer 94,Consumer,East,Texas,Houston,Technology,Phones,Phones Model 951,357.96,5.0,0.0,1789.8
ORD-1277,2024-05-16,2024-05-20,Standard Class,CUST-0099,Customer 47,Corporate,South,Florida,Miami,Technology,Accessories,Accessories Model 326,323.85,1.0,0.0,323.85
ORD-1278,2024-02-01,2024-02-05,Second Class,CUST-0016,Customer 137,Consumer,West,Ohio,Columbus,Furniture,Furnishings,Furnishings Model 558,430.18,5.0,0.0,2150.9
ORD-1279,2023-06-11,2023-06-12,Same Day,CUST-0007,Customer 36,Corporate,Central,Florida,Miami,Office Supplies,Binders,Binders Model 127,399.14,7.0,0.0,2793.98
ORD-1280,2024-03-13,2024-03-14,Standard Class,CUST-0013,Customer 57,Consumer,West,Washington,Seattle,Office Supplies,Art,Art Model 153,30.84,8.0,0.0,246.72
ORD-1281,2024-07-11,2024-07-16,Second Class,CUST-0024,Customer 2,Corporate,East,Illinois,Chicago,Office Supplies,Labels,Labels Model 967,137.46,5.0,0.1,687.3
ORD-1282,2023-01-17,2023-01-21,Same Day,CUST-0024,Customer 29,Home Office,East,Pennsylvania,Philadelphia,Office Supplies,Paper,Paper Model 839,20.55,3.0,0.0,61.65
ORD-1283,2023-04-29,2023-05-03,First Class,CUST-0104,Customer 92,Corporate,South,Florida,Miami,Office Supplies,Art,Art Model 894,201.84,1.0,0.3,201.84
ORD-1284,2024-02-25,2024-03-02,Same Day,CUST-0033,Customer 55,Corporate,Central,Ohio,Columbus,Office Supplies,Labels,Labels Model 855,42.81,9.0,0.1,385.29
ORD-1285,2024-10-08,2024-10-12,First Class,CUST-0075,Customer 8,Consumer,Central,Ohio,Columbus,Furniture,Tables,Tables Model 828,287.47,5.0,0.3,1437.35
ORD-1286,2024-05-03,2024-05-08,Second Class,CUST-0079,Customer 124,Home Office,South,New York,New York City,Furniture,Tables,Tables Model 317,80.4,8.0,0.2,643.2
ORD-1287,2024-03-09,2024-03-12,Same Day,CUST-0028,Customer 22,Consumer,East,Ohio,Columbus,Office Supplies,Binders,Binders Model 670,123.38,8.0,0.3,987.04
ORD-1288,2023-01-25,2023-01-27,Standard Class,CUST-0083,Customer 11,Consumer,East,Texas,Houston,Office Supplies,Art,Art Model 555,311.77,9.0,0.1,2805.93
ORD-1289,2024-11-17,2024-11-21,Same Day,CUST-0057,Customer 47,Home Office,East,Pennsylvania,Philadelphia,Technology,Accessories,Accessories Model 785,338.69,5.0,0.0,1693.45
ORD-1290,2023-12-27,2023-12-30,Second Class,CUST-0015,Customer 61,Corporate,East,Florida,Miami,Office Supplies,Paper,Paper Model 657,77.92,5.0,0.3,389.6
ORD-1291,2023-07-29,2023-08-04,Second Class,CUST-0141,Customer 3,Corporate,West,New York,New York City,Furniture,Tables,Tables Model 192,140.98,6.0,0.0,845.88
ORD-1292,2023-11-29,2023-12-01,First Class,CUST-0070,Customer 16,Home Office,South,Texas,Houston,Furniture,Bookcases,Bookcases Model 659,338.8,1.0,0.2,338.8
ORD-1293,2023-10-01,2023-10-04,First Class,CUST-0102,Customer 118,Corporate,West,Ohio,Columbus,Technology,Machines,Machines Model 489,263.66,5.0,0.0,1318.3
ORD-1294,2024-09-10,2024-09-13,Same Day,CUST-0008,Customer 141,Corporate,South,Illinois,Chicago,Technology,Phones,Phones Model 577,454.41,2.0,0.0,908.82
ORD-1295,2023-07-06,2023-07-10,Second Class,CUST-0086,Customer 93,Corporate,South,Florida,Miami,Technology,Machines,Machines Model 236,322.1,7.0,0.0,2254.7
ORD-1296,2023-11-18,2023-11-21,Standard Class,CUST-0121,Customer 93,Home Office,South,Pennsylvania,Philadelphia,Furniture,Tables,Tables Model 752,393.29,5.0,0.1,1966.45
ORD-1297,2024-06-29,2024-07-02,Same Day,CUST-0089,Customer 93,Home Office,East,California,Los Angeles,Furniture,Tables,Tables Model 934,451.18,6.0,0.2,2707.08
ORD-1298,2023-01-17,2023-01-19,Same Day,CUST-0093,Customer 91,Corporate,South,Illinois,Chicago,Furniture,Tables,Tables Model 213,459.62,1.0,0.2,459.62
ORD-1299,2023-09-23,2023-09-26,Standard Class,CUST-0105,Customer 133,Corporate,East,Texas,Houston,Furniture,Tables,Tables Model 500,439.29,4.0,0.3,1757.16
ORD-1300,2024-08-02,2024-08-07,First Class,CUST-0056,Customer 149,Home Office,South,Florida,Miami,Office Supplies,Paper,Paper Model 381,341.38,9.0,0.0,3072.42
ORD-1301,2024-07-05,2024-07-10,Second Class,CUST-0132,Customer 23,Corporate,South,Illinois,Chicago,Technology,Accessories,Accessories Model 498,76.19,7.0,0.1,533.33
ORD-1302,2024-01-03,2024-01-06,First Class,CUST-0046,Customer 68,Corporate,Central,Florida,Miami,Office Supplies,Art,Art Model 520,106.21,8.0,0.0,849.68
ORD-1303,2023-06-13,2023-06-15,Same Day,CUST-0024,Customer 4,Home Office,West,Illinois,Chicago,Furniture,Bookcases,Bookcases Model 532,52.05,5.0,0.0,260.25
ORD-1304,2024-08-03,2024-08-09,Second Class,CUST-0057,Customer 54,Corporate,East,Illinois,Chicago,Technology,Phones,Phones Model 924,144.82,7.0,0.0,1013.74
ORD-1305,2023-12-08,2023-12-12,Same Day,CUST-0038,Customer 141,Home Office,West,Washington,Seattle,Office Supplies,Labels,Labels Model 405,155.45,3.0,0.2,466.35
ORD-1306,2023-07-04,2023-07-10,First Class,CUST-0047,Customer 118,Home Office,South,Florida,Miami,Office Supplies,Labels,Labels Model 603,357.75,3.0,0.0,1073.25
ORD-1307,2023-09-29,2023-10-02,First Class,CUST-0032,Customer 9,Consumer,Central,Ohio,Columbus,Office Supplies,Labels,Labels Model 579,273.52,8.0,0.0,2188.16
ORD-1308,2024-09-26,2024-10-01,Second Class,CUST-0065,Customer 51,Consumer,East,Illinois,Chicago,Office Supplies,Binders,Binders Model 994,184.05,4.0,0.0,736.2
ORD-1309,2023-06-16,2023-06-21,Standard Class,CUST-0081,Customer 73,Consumer,West,Pennsylvania,Philadelphia,Office Supplies,Storage,Storage Model 361,402.74,7.0,0.1,2819.18
ORD-1310,2023-06-24,2023-06-29,Same Day,CUST-0065,Customer 81,Home Office,West,Ohio,Columbus,Furniture,Bookcases,Bookcases Model 882,63.84,1.0,0.3,63.84
ORD-1311,2024-05-02,2024-05-08,Standard Class,CUST-0014,Customer 132,Home Office,East,New York,New York City,Office Supplies,Binders,Binders Model 950,17.47,4.0,0.2,69.88
ORD-1312,2023-07-12,2023-07-17,Same Day,CUST-0134,Customer 13,Corporate,Central,Texas,Houston,Office Supplies,Binders,Binders Model 758,269.47,8.0,0.2,2155.76
ORD-1313,2024-03-03,2024-03-05,Second Class,CUST-0115,Customer 57,Consumer,South,Florida,Miami,Technology,Accessories,Accessories Model 618,433.32,4.0,0.3,1733.28
ORD-1314,2023-06-28,2023-06-30,Same Day,CUST-0072,Customer 124,Consumer,East,Washington,Seattle,Office Supplies,Storage,Storage Model 111,426.09,7.0,0.2,2982.63
ORD-1315,2023-04-07,2023-04-12,Same Day,CUST-0078,Customer 69,Corporate,South,California,Los Angeles,Office Supplies,Labels,Labels Model 158,156.85,1.0,0.0,156.85
ORD-1316,2023-07-16,2023-07-19,Second Class,CUST-0047,Customer 33,Consumer,South,New York,New York City,Furniture,Tables,Tables Model 793,46.54,5.0,0.2,232.7
ORD-1317,2023-05-08,2023-05-14,Same Day,CUST-0148,Customer 29,Corporate,Central,Illinois,Chicago,Technology,Accessories,Accessories Model 813,62.51,7.0,0.2,437.57
ORD-1318,2024-06-01,2024-06-03,Same Day,CUST-0062,Customer 82,Corporate,South,Illinois,Chicago,Furniture,Chairs,Chairs Model 524,10.68,5.0,0.1,53.4
ORD-1319,2024-01-22,2024-01-24,Standard Class,CUST-0035,Customer 109,Corporate,West,New York,New York City,Furniture,Bookcases,Bookcases Model 121,262.25,5.0,0.2,1311.25
ORD-1320,2024-07-06,2024-07-12,Same Day,CUST-0147,Customer 109,Home Office,Central,Washington,Seattle,Office Supplies,Storage,Storage Model 933,299.7,6.0,0.3,1798.2
ORD-1321,2023-10-10,2023-10-12,Same Day,CUST-0096,Customer 48,Corporate,East,California,Los Angeles,Office Supplies,Labels,Labels Model 542,12.48,3.0,0.0,37.44
ORD-1322,2024-08-17,2024-08-19,Second Class,CUST-0053,Customer 79,Home Office,West,California,Los Angeles,Technology,Copiers,Copiers Model 659,6.0,4.0,0.0,24.0
ORD-1323,2024-02-18,2024-02-19,Same Day,CUST-0113,Customer 45,Home Office,East,Illinois,Chicago,Furniture,Bookcases,Bookcases Model 236,387.29,4.0,0.1,1549.16
ORD-1324,2023-02-15,2023-02-17,Same Day,CUST-0006,Customer 145,Corporate,West,Florida,Miami,Technology,Phones,Phones Model 894,114.14,9.0,0.0,1027.26
ORD-1325,2024-01-02,2024-01-06,First Class,CUST-0073,Customer 147,Consumer,Central,Illinois,Chicago,Office Supplies,Paper,Paper Model 476,50.85,5.0,0.0,254.25
ORD-1326,2023-05-31,2023-06-04,Same Day,CUST-0063,Customer 110,Consumer,Central,Ohio,Columbus,Furniture,Tables,Tables Model 901,351.93,8.0,0.0,2815.44
ORD-1327,2024-06-11,2024-06-13,Same Day,CUST-0138,Customer 82,Corporate,Central,Pennsylvania,Philadelphia,Technology,Phones,Phones Model 374,215.26,1.0,0.2,215.26
ORD-1328,2024-08-25,2024-08-31,First Class,CUST-0073,Customer 134,Home Office,East,Florida,Miami,Technology,Accessories,Accessories Model 394,274.41,3.0,0.1,823.23
ORD-1329,2024-10-10,2024-10-12,First Class,CUST-0085,Customer 2,Consumer,West,Florida,Miami,Furniture,Furnishings,Furnishings Model 462,187.38,6.0,0.0,1124.28
ORD-1330,2024-09-17,2024-09-21,Standard Class,CUST-0079,Customer 92,Corporate,West,Texas,Houston,Technology,Copiers,Copiers Model 162,417.65,8.0,0.3,3341.2
ORD-1331,2023-09-13,2023-09-18,Second Class,CUST-0088,Customer 68,Home Office,East,Texas,Houston,Office Supplies,Storage,Storage Model 922,301.43,4.0,0.0,1205.72
ORD-1332,2024-09-05,2024-09-11,Same Day,CUST-0133,Customer 92,Consumer,West,Illinois,Chicago,Technology,Machines,Machines Model 554,10.69,9.0,0.0,96.21
ORD-1333,2023-03-10,2023-03-11,Same Day,CUST-0027,Customer 56,Corporate,Central,Washington,Seattle,Technology,Phones,Phones Model 764,414.11,3.0,0.2,1242.33
ORD-1334,2023-11-07,2023-11-13,First Class,CUST-0096,Customer 133,Corporate,West,Florida,Miami,Furniture,Chairs,Chairs Model 276,180.13,4.0,0.0,720.52
ORD-1335,2023-08-01,2023-08-06,Second Class,CUST-0109,Customer 35,Home Office,West,California,Los Angeles,Office Supplies,Paper,Paper Model 524,261.05,1.0,0.0,261.05
ORD-1336,2024-04-15,2024-04-18,Standard Class,CUST-0127,Customer 29,Home Office,East,Pennsylvania,Philadelphia,Office Supplies,Labels,Labels Model 698,340.09,1.0,0.3,340.09
ORD-1337,2024-02-05,2024-02-10,Standard Class,CUST-0134,Customer 108,Corporate,West,New York,New York City,Furniture,Furnishings,Furnishings Model 761,348.51,7.0,0.0,2439.57
ORD-1338,2024-09-25,2024-09-27,Same Day,CUST-0115,Customer 28,Home Office,West,Ohio,Columbus,Office Supplies,Binders,Binders Model 778,175.89,3.0,0.0,527.67
ORD-1339,2024-01-17,2024-01-21,Same Day,CUST-0107,Customer 137,Home Office,East,Florida,Miami,Technology,Accessories,Accessories Model 580,198.56,3.0,0.0,595.68
ORD-1340,2023-12-20,2023-12-23,Second Class,CUST-0129,Customer 93,Home Office,East,Illinois,Chicago,Technology,Accessories,Accessories Model 659,349.73,1.0,0.0,349.73
ORD-1341,2023-01-17,2023-01-22,Second Class,CUST-0049,Customer 7,Corporate,East,Illinois,Chicago,Furniture,Chairs,Chairs Model 202,63.02,7.0,0.1,441.14
ORD-1342,2024-06-20,2024-06-23,First Class,CUST-0029,Customer 117,Home Office,South,Illinois,Chicago,Furniture,Chairs,Chairs Model 893,13.97,1.0,0.2,13.97
ORD-1343,2023-04-03,2023-04-04,Same Day,CUST-0108,Customer 118,Consumer,Central,Pennsylvania,Philadelphia,Furniture,Tables,Tables Model 817,363.1,8.0,0.0,2904.8
ORD-1344,2023-05-19,2023-05-24,Second Class,CUST-0057,Customer 146,Home Office,South,Pennsylvania,Philadelphia,Furniture,Bookcases,Bookcases Model 659,411.2,9.0,0.0,3700.8
ORD-1345,2023-12-01,2023-12-05,Standard Class,CUST-0049,Customer 82,Corporate,East,Washington,Seattle,Office Supplies,Art,Art Model 656,94.95,8.0,0.3,759.6
ORD-1346,2023-01-03,2023-01-09,Same Day,CUST-0040,Customer 59,Home Office,West,Pennsylvania,Philadelphia,Office Supplies,Art,Art Model 743,498.61,3.0,0.2,1495.83
ORD-1347,2023-09-13,2023-09-14,Same Day,CUST-0124,Customer 61,Home Office,South,California,Los Angeles,Technology,Copiers,Copiers Model 508,362.76,2.0,0.0,725.52
ORD-1348,2024-05-14,2024-05-15,Standard Class,CUST-0044,Customer 29,Home Office,Central,Texas,Houston,Furniture,Tables,Tables Model 191,276.28,7.0,0.1,1933.96
ORD-1349,2024-07-29,2024-07-31,Second Class,CUST-0062,Customer 76,Corporate,East,Washington,Seattle,Furniture,Bookcases,Bookcases Model 368,445.75,1.0,0.2,445.75
ORD-1350,2023-02-09,2023-02-14,Second Class,CUST-0094,Customer 138,Home Office,Central,Texas,Houston,Technology,Machines,Machines Model 435,196.17,8.0,0.2,1569.36
ORD-1351,2024-10-19,2024-10-25,Standard Class,CUST-0128,Customer 62,Corporate,East,Florida,Miami,Furniture,Tables,Tables Model 338,349.6,3.0,0.1,1048.8
ORD-1352,2024-11-15,2024-11-19,Second Class,CUST-0110,Customer 13,Home Office,South,Illinois,Chicago,Technology,Machines,Machines Model 889,375.38,1.0,0.0,375.38
ORD-1353,2023-12-06,2023-12-08,Same Day,CUST-0028,Customer 136,Consumer,East,Illinois,Chicago,Office Supplies,Labels,Labels Model 674,408.4,4.0,0.0,1633.6
ORD-1354,2023-04-30,2023-05-06,Same Day,CUST-0134,Customer 56,Corporate,Central,New York,New York City,Office Supplies,Labels,Labels Model 603,440.2,3.0,0.0,1320.6
ORD-1355,2023-09-15,2023-09-18,Second Class,CUST-0125,Customer 38,Home Office,South,California,Los Angeles,Technology,Phones,Phones Model 751,221.03,6.0,0.1,1326.18
ORD-1356,2024-11-05,2024-11-10,Standard Class,CUST-0035,Customer 149,Home Office,West,Illinois,Chicago,Technology,Phones,Phones Model 607,375.35,3.0,0.0,1126.05
ORD-1357,2024-03-08,2024-03-12,First Class,CUST-0099,Customer 109,Consumer,East,Florida,Miami,Furniture,Bookcases,Bookcases Model 224,12.79,8.0,0.1,102.32
ORD-1358,2024-03-25,2024-03-27,First Class,CUST-0020,Customer 48,Home Office,Central,Illinois,Chicago,Office Supplies,Storage,Storage Model 750,292.57,3.0,0.0,877.71
ORD-1359,2024-07-16,2024-07-21,Same Day,CUST-0132,Customer 113,Corporate,South,Washington,Seattle,Office Supplies,Paper,Paper Model 777,174.24,5.0,0.2,871.2
ORD-1360,2024-07-20,2024-07-26,Same Day,CUST-0075,Customer 21,Consumer,Central,New York,New York City,Furniture,Tables,Tables Model 524,31.41,2.0,0.2,62.82
ORD-1361,2023-03-05,2023-03-09,First Class,CUST-0104,Customer 109,Corporate,West,California,Los Angeles,Technology,Accessories,Accessories Model 533,487.25,6.0,0.0,2923.5
ORD-1362,2024-06-15,2024-06-21,First Class,CUST-0090,Customer 94,Consumer,East,Pennsylvania,Philadelphia,Office Supplies,Binders,Binders Model 933,306.8,8.0,0.0,2454.4
ORD-1363,2024-06-21,2024-06-24,Same Day,CUST-0043,Customer 148,Consumer,South,Florida,Miami,Furniture,Chairs,Chairs Model 820,142.12,4.0,0.0,568.48
ORD-1364,2023-08-27,2023-08-30,Same Day,CUST-0088,Customer 73,Home Office,Central,Illinois,Chicago,Technology,Copiers,Copiers Model 311,261.05,5.0,0.0,1305.25
ORD-1365,2023-09-21,2023-09-26,Second Class,CUST-0020,Customer 124,Home Office,East,Pennsylvania,Philadelphia,Furniture,Tables,Tables Model 730,347.15,7.0,0.0,2430.05
ORD-1366,2024-06-06,2024-06-08,First Class,CUST-0108,Customer 58,Corporate,Central,New York,New York City,Furniture,Chairs,Chairs Model 375,427.01,5.0,0.0,2135.05
ORD-1367,2024-09-29,2024-09-30,Same Day,CUST-0040,Customer 56,Home Office,South,Florida,Miami,Office Supplies,Paper,Paper Model 209,42.04,5.0,0.3,210.2
ORD-1368,2023-02-18,2023-02-22,Standard Class,CUST-0036,Customer 101,Corporate,West,Illinois,Chicago,Furniture,Tables,Tables Model 615,15.16,7.0,0.3,106.12
ORD-1369,2024-10-03,2024-10-06,Same Day,CUST-0096,Customer 10,Corporate,South,Washington,Seattle,Technology,Machines,Machines Model 454,174.61,8.0,0.0,1396.88
ORD-1370,2023-06-30,2023-07-02,Second Class,CUST-0141,Customer 89,Corporate,Central,California,Los Angeles,Office Supplies,Binders,Binders Model 498,223.66,9.0,0.1,2012.94
ORD-1371,2023-08-06,2023-08-09,Second Class,CUST-0077,Customer 76,Corporate,Central,Illinois,Chicago,Office Supplies,Labels,Labels Model 543,494.78,9.0,0.3,4453.02
ORD-1372,2023-07-06,2023-07-07,Second Class,CUST-0141,Customer 109,Consumer,East,Florida,Miami,Technology,Phones,Phones Model 328,430.6,2.0,0.3,861.2
ORD-1373,2024-07-04,2024-07-05,Same Day,CUST-0120,Customer 53,Corporate,Central,Illinois,Chicago,Office Supplies,Storage,Storage Model 511,369.44,6.0,0.3,2216.64
ORD-1374,2024-02-26,2024-03-03,Second Class,CUST-0032,Customer 99,Corporate,Central,California,Los Angeles,Technology,Phones,Phones Model 867,206.25,6.0,0.0,1237.5
ORD-1375,2023-11-04,2023-11-05,Standard Class,CUST-0031,Customer 109,Home Office,Central,Ohio,Columbus,Technology,Copiers,Copiers Model 505,280.61,5.0,0.0,1403.05
ORD-1376,2023-10-03,2023-10-07,Standard Class,CUST-0129,Customer 143,Consumer,East,Illinois,Chicago,Furniture,Chairs,Chairs Model 157,435.98,2.0,0.0,871.96
ORD-1377,2024-04-18,2024-04-21,First Class,CUST-0016,Customer 119,Corporate,West,Illinois,Chicago,Office Supplies,Storage,Storage Model 821,24.83,8.0,0.2,198.64
ORD-1378,2023-08-26,2023-09-01,Standard Class,CUST-0094,Customer 149,Home Office,East,New York,New York City,Technology,Phones,Phones Model 566,353.52,2.0,0.0,707.04
ORD-1379,2024-02-21,2024-02-22,Standard Class,CUST-0111,Customer 1,Home Office,Central,Washington,Seattle,Technology,Phones,Phones Model 197,236.82,5.0,0.3,1184.1
ORD-1380,2023-03-13,2023-03-16,Same Day,CUST-0065,Customer 107,Corporate,West,Pennsylvania,Philadelphia,Furniture,Furnishings,Furnishings Model 982,29.56,1.0,0.0,29.56
ORD-1381,2024-02-20,2024-02-22,Standard Class,CUST-0085,Customer 56,Corporate,West,Illinois,Chicago,Technology,Accessories,Accessories Model 713,67.12,1.0,0.0,67.12
ORD-1382,2023-08-15,2023-08-18,Same Day,CUST-0049,Customer 149,Home Office,West,Texas,Houston,Furniture,Chairs,Chairs Model 162,414.29,6.0,0.0,2485.74
ORD-1383,2023-05-27,2023-06-02,Second Class,CUST-0038,Customer 119,Consumer,Central,Washington,Seattle,Technology,Accessories,Accessories Model 343,136.42,1.0,0.0,136.42
ORD-1384,2023-09-26,2023-09-30,Same Day,CUST-0105,Customer 83,Corporate,South,New York,New York City,Office Supplies,Paper,Paper Model 454,456.9,5.0,0.1,2284.5
ORD-1385,2024-03-22,2024-03-26,Same Day,CUST-0114,Customer 132,Corporate,South,Florida,Miami,Office Supplies,Storage,Storage Model 236,261.05,2.0,0.0,522.1
ORD-1386,2024-06-20,2024-06-22,Second Class,CUST-0118,Customer 73,Corporate,South,Texas,Houston,Technology,Copiers,Copiers Model 459,356.52,8.0,0.0,2852.16
ORD-1387,2023-10-10,2023-10-11,First Class,CUST-0105,Customer 44,Corporate,Central,Ohio,Columbus,Office Supplies,Storage,Storage Model 261,452.66,5.0,0.2,2263.3
ORD-1388,2023-03-28,2023-03-29,Standard Class,CUST-0066,Customer 109,Corporate,East,Pennsylvania,Philadelphia,Technology,Accessories,Accessories Model 951,181.6,7.0,0.3,1271.2
ORD-1389,2023-10-21,2023-10-26,Second Class,CUST-0110,Customer 46,Consumer,East,Ohio,Columbus,Furniture,Furnishings,Furnishings Model 988,64.35,1.0,0.3,64.35
ORD-1390,2023-04-01,2023-04-03,Same Day,CUST-0104,Customer 40,Corporate,West,Illinois,Chicago,Office Supplies,Labels,Labels Model 444,180.79,7.0,0.3,1265.53
ORD-1391,2023-08-25,2023-08-30,Standard Class,CUST-0056,Customer 102,Consumer,East,Ohio,Columbus,Furniture,Furnishings,Furnishings Model 684,414.14,5.0,0.1,2070.7
ORD-1392,2023-01-30,2023-02-02,Same Day,CUST-0076,Customer 90,Consumer,Central,Washington,Seattle,Technology,Copiers,Copiers Model 544,392.83,8.0,0.3,3142.64
ORD-1393,2024-11-26,2024-11-28,First Class,CUST-0052,Customer 89,Consumer,Central,Ohio,Columbus,Furniture,Tables,Tables Model 377,214.66,9.0,0.1,1931.94
ORD-1394,2024-11-24,2024-11-26,First Class,CUST-0022,Customer 99,Consumer,South,Illinois,Chicago,Furniture,Bookcases,Bookcases Model 107,289.35,9.0,0.1,2604.15
ORD-1395,2024-05-10,2024-05-16,Second Class,CUST-0110,Customer 14,Home Office,South,Illinois,Chicago,Office Supplies,Binders,Binders Model 544,167.45,1.0,0.0,167.45
ORD-1396,2024-11-05,2024-11-09,Standard Class,CUST-0058,Customer 49,Home Office,East,Pennsylvania,Philadelphia,Technology,Machines,Machines Model 125,382.13,1.0,0.0,382.13
ORD-1397,2024-07-24,2024-07-26,Same Day,CUST-0017,Customer 14,Corporate,East,New York,New York City,Technology,Phones,Phones Model 483,159.34,6.0,0.0,956.04
ORD-1398,2024-02-23,2024-02-26,Same Day,CUST-0122,Customer 44,Consumer,East,Washington,Seattle,Technology,Accessories,Accessories Model 244,308.33,3.0,0.0,924.99
ORD-1399,2023-05-21,2023-05-27,Same Day,CUST-0142,Customer 112,Home Office,Central,New York,New York City,Technology,Accessories,Accessories Model 935,481.32,3.0,0.3,1443.96
ORD-1400,2023-10-11,2023-10-16,First Class,CUST-0003,Customer 136,Home Office,Central,New York,New York City,Technology,Copiers,Copiers Model 258,414.51,4.0,0.0,1658.04
ORD-1401,2024-01-06,2024-01-08,Standard Class,CUST-0030,Customer 146,Corporate,East,Illinois,Chicago,Furniture,Bookcases,Bookcases Model 984,114.12,8.0,0.3,912.96
ORD-1402,2023-12-16,2023-12-22,Second Class,CUST-0108,Customer 4,Consumer,Central,Florida,Miami,Furniture,Bookcases,Bookcases Model 105,367.09,7.0,0.0,2569.63
ORD-1403,2023-07-21,2023-07-25,Same Day,CUST-0120,Customer 123,Home Office,Central,Pennsylvania,Philadelphia,Office Supplies,Paper,Paper Model 205,128.5,9.0,0.0,1156.5
ORD-1404,2024-02-20,2024-02-26,Same Day,CUST-0035,Customer 22,Consumer,South,Florida,Miami,Technology,Accessories,Accessories Model 249,489.29,4.0,0.3,1957.16
ORD-1405,2023-11-12,2023-11-16,Second Class,CUST-0018,Customer 109,Home Office,East,Ohio,Columbus,Technology,Accessories,Accessories Model 940,229.93,3.0,0.0,689.79
ORD-1406,2023-09-13,2023-09-19,Same Day,CUST-0112,Customer 25,Corporate,West,California,Los Angeles,Technology,Machines,Machines Model 589,313.26,5.0,0.3,1566.3
ORD-1407,2023-01-25,2023-01-31,Same Day,CUST-0048,Customer 10,Home Office,Central,Texas,Houston,Furniture,Tables,Tables Model 622,199.59,7.0,0.0,1397.13
ORD-1408,2024-03-23,2024-03-29,Second Class,CUST-0076,Customer 121,Corporate,West,Florida,Miami,Furniture,Chairs,Chairs Model 153,474.38,7.0,0.0,3320.66
ORD-1409,2024-04-27,2024-05-02,Second Class,CUST-0144,Customer 6,Consumer,South,Texas,Houston,Technology,Accessories,Accessories Model 590,212.9,3.0,0.1,638.7
ORD-1410,2024-10-03,2024-10-05,First Class,CUST-0027,Customer 79,Home Office,South,Texas,Houston,Technology,Accessories,Accessories Model 362,24.93,4.0,0.0,99.72
ORD-1411,2023-01-12,2023-01-17,First Class,CUST-0017,Customer 63,Consumer,East,Pennsylvania,Philadelphia,Technology,Accessories,Accessories Model 475,259.03,8.0,0.3,2072.24
ORD-1412,2024-09-21,2024-09-26,Same Day,CUST-0101,Customer 144,Corporate,West,Ohio,Columbus,Furniture,Furnishings,Furnishings Model 170,465.55,4.0,0.3,1862.2
ORD-1413,2023-07-14,2023-07-18,Second Class,CUST-0019,Customer 106,Consumer,South,Ohio,Columbus,Furniture,Furnishings,Furnishings Model 264,248.81,5.0,0.0,1244.05
ORD-1414,2023-06-13,2023-06-15,Same Day,CUST-0016,Customer 146,Consumer,West,Pennsylvania,Philadelphia,Technology,Accessories,Accessories Model 967,81.18,4.0,0.0,324.72
ORD-1415,2024-03-02,2024-03-08,Standard Class,CUST-0100,Customer 22,Home Office,South,Pennsylvania,Philadelphia,Office Supplies,Labels,Labels Model 940,172.08,2.0,0.0,344.16
ORD-1416,2023-08-27,2023-08-28,Standard Class,CUST-0032,Customer 132,Corporate,West,Washington,Seattle,Technology,Accessories,Accessories Model 616,208.6,6.0,0.3,1251.6
ORD-1417,2023-10-27,2023-10-29,Second Class,CUST-0137,Customer 106,Home Office,Central,Illinois,Chicago,Technology,Machines,Machines Model 679,269.9,6.0,0.1,1619.4
ORD-1418,2023-07-08,2023-07-11,Standard Class,CUST-0032,Customer 66,Home Office,South,Ohio,Columbus,Technology,Machines,Machines Model 237,397.94,3.0,0.0,1193.82
ORD-1419,2024-02-27,2024-03-03,First Class,CUST-0088,Customer 129,Home Office,Central,Ohio,Columbus,Office Supplies,Paper,Paper Model 440,168.49,1.0,0.0,168.49
ORD-1420,2023-12-14,2023-12-15,Same Day,CUST-0106,Customer 130,Corporate,South,Ohio,Columbus,Technology,Machines,Machines Model 871,264.18,1.0,0.0,264.18
ORD-1421,2023-11-27,2023-12-02,Same Day,CUST-0027,Customer 113,Corporate,West,Texas,Houston,Technology,Machines,Machines Model 916,147.48,2.0,0.2,294.96
ORD-1422,2023-04-06,2023-04-11,Same Day,CUST-0042,Customer 40,Consumer,East,New York,New York City,Office Supplies,Art,Art Model 460,5.67,4.0,0.0,22.68
ORD-1423,2024-06-17,2024-06-18,Second Class,CUST-0107,Customer 27,Consumer,South,Washington,Seattle,Office Supplies,Paper,Paper Model 261,129.28,6.0,0.0,775.68
ORD-1424,2024-08-10,2024-08-12,Second Class,CUST-0096,Customer 20,Home Office,South,California,Los Angeles,Office Supplies,Binders,Binders Model 677,464.79,8.0,0.0,3718.32
ORD-1425,2024-01-21,2024-01-22,Second Class,CUST-0029,Customer 15,Consumer,South,Pennsylvania,Philadelphia,Furniture,Bookcases,Bookcases Model 439,276.33,8.0,0.0,2210.64
ORD-1426,2024-11-04,2024-11-06,Second Class,CUST-0036,Customer 22,Corporate,Central,Washington,Seattle,Furniture,Bookcases,Bookcases Model 947,252.64,5.0,0.1,1263.2
ORD-1427,2023-06-13,2023-06-17,Same Day,CUST-0109,Customer 123,Home Office,East,New York,New York City,Furniture,Furnishings,Furnishings Model 551,304.71,1.0,0.0,304.71
ORD-1428,2024-01-31,2024-02-01,First Class,CUST-0142,Customer 61,Home Office,West,Illinois,Chicago,Furniture,Furnishings,Furnishings Model 899,261.05,7.0,0.0,1827.35
ORD-1429,2024-09-01,2024-09-06,First Class,CUST-0116,Customer 87,Home Office,West,Illinois,Chicago,Technology,Copiers,Copiers Model 946,462.51,6.0,0.3,2775.06
ORD-1430,2024-04-20,2024-04-23,Second Class,CUST-0032,Customer 141,Home Office,South,Pennsylvania,Philadelphia,Technology,Phones,Phones Model 390,11.75,3.0,0.0,35.25
ORD-1431,2024-05-22,2024-05-25,Same Day,CUST-0129,Customer 87,Home Office,Central,California,Los Angeles,Furniture,Chairs,Chairs Model 665,278.79,9.0,0.0,2509.11
ORD-1432,2024-07-11,2024-07-14,First Class,CUST-0058,Customer 111,Consumer,East,California,Los Angeles,Technology,Phones,Phones Model 805,48.39,3.0,0.3,145.17
ORD-1433,2023-05-11,2023-05-15,Standard Class,CUST-0108,Customer 109,Consumer,Central,Texas,Houston,Furniture,Furnishings,Furnishings Model 871,342.68,3.0,0.0,1028.04
ORD-1434,2024-04-20,2024-04-24,Standard Class,CUST-0109,Customer 86,Home Office,Central,Ohio,Columbus,Technology,Machines,Machines Model 299,497.37,9.0,0.0,4476.33
ORD-1435,2023-03-18,2023-03-22,Same Day,CUST-0039,Customer 12,Home Office,Central,California,Los Angeles,Office Supplies,Paper,Paper Model 538,58.48,7.0,0.2,409.36
ORD-1436,2024-03-02,2024-03-05,Second Class,CUST-0116,Customer 109,Corporate,South,Florida,Miami,Office Supplies,Storage,Storage Model 676,320.7,6.0,0.1,1924.2
ORD-1437,2024-01-11,2024-01-14,Standard Class,CUST-0068,Customer 140,Corporate,West,Ohio,Columbus,Technology,Copiers,Copiers Model 977,274.66,4.0,0.0,1098.64
ORD-1438,2023-09-26,2023-09-27,Second Class,CUST-0054,Customer 109,Corporate,South,Illinois,Chicago,Technology,Accessories,Accessories Model 174,456.11,5.0,0.0,2280.55
ORD-1439,2023-08-03,2023-08-08,Second Class,CUST-0028,Customer 111,Consumer,West,Ohio,Columbus,Furniture,Bookcases,Bookcases Model 153,229.82,6.0,0.0,1378.92
ORD-1440,2023-12-14,2023-12-15,Same Day,CUST-0093,Customer 79,Corporate,South,Texas,Houston,Furniture,Bookcases,Bookcases Model 316,42.98,3.0,0.0,128.94
ORD-1441,2023-09-01,2023-09-03,Same Day,CUST-0087,Customer 7,Corporate,East,Pennsylvania,Philadelphia,Technology,Machines,Machines Model 821,196.7,5.0,0.0,983.5
ORD-1442,2023-11-02,2023-11-08,Same Day,CUST-0001,Customer 4,Consumer,South,Texas,Houston,Furniture,Chairs,Chairs Model 526,94.36,9.0,0.0,849.24
ORD-1443,2023-06-27,2023-06-28,First Class,CUST-0008,Customer 36,Corporate,South,Illinois,Chicago,Office Supplies,Paper,Paper Model 734,111.38,7.0,0.0,779.66
ORD-1444,2023-06-05,2023-06-09,Same Day,CUST-0099,Customer 47,Home Office,Central,Illinois,Chicago,Technology,Accessories,Accessories Model 130,298.42,9.0,0.1,2685.78
ORD-1445,2024-10-05,2024-10-11,Second Class,CUST-0066,Customer 108,Corporate,South,Pennsylvania,Philadelphia,Furniture,Chairs,Chairs Model 629,264.21,7.0,0.0,1849.47
ORD-1446,2024-08-21,2024-08-23,Second Class,CUST-0070,Customer 44,Corporate,Central,Illinois,Chicago,Office Supplies,Labels,Labels Model 200,101.62,1.0,0.1,101.62
ORD-1447,2023-08-17,2023-08-21,Second Class,CUST-0137,Customer 149,Home Office,East,Pennsylvania,Philadelphia,Office Supplies,Labels,Labels Model 260,10.19,1.0,0.1,10.19
ORD-1448,2024-05-01,2024-05-06,Second Class,CUST-0018,Customer 3,Home Office,Central,Washington,Seattle,Technology,Machines,Machines Model 821,179.01,2.0,0.3,358.02
ORD-1449,2023-07-15,2023-07-16,Standard Class,CUST-0022,Customer 127,Corporate,West,New York,New York City,Office Supplies,Labels,Labels Model 124,453.24,4.0,0.2,1812.96
ORD-1450,2023-08-12,2023-08-16,First Class,CUST-0009,Customer 42,Consumer,South,Texas,Houston,Technology,Phones,Phones Model 542,12.21,7.0,0.3,85.47
ORD-1451,2023-05-03,2023-05-06,Second Class,CUST-0092,Customer 29,Home Office,Central,Texas,Houston,Office Supplies,Storage,Storage Model 617,334.93,7.0,0.0,2344.51
ORD-1452,2024-06-03,2024-06-05,First Class,CUST-0132,Customer 85,Home Office,East,Washington,Seattle,Technology,Machines,Machines Model 235,258.3,3.0,0.2,774.9
ORD-1453,2023-11-30,2023-12-05,Standard Class,CUST-0071,Customer 15,Home Office,West,Illinois,Chicago,Technology,Copiers,Copiers Model 325,285.18,9.0,0.3,2566.62
ORD-1454,2023-01-01,2023-01-03,Same Day,CUST-0110,Customer 113,Consumer,West,Texas,Houston,Furniture,Tables,Tables Model 111,261.05,5.0,0.3,1305.25
ORD-1455,2023-06-20,2023-06-26,Standard Class,CUST-0025,Customer 18,Corporate,East,Ohio,Columbus,Furniture,Chairs,Chairs Model 654,261.05,9.0,0.3,2349.45
ORD-1456,2023-06-28,2023-07-01,First Class,CUST-0137,Customer 68,Corporate,East,Florida,Miami,Office Supplies,Art,Art Model 422,43.0,9.0,0.3,387.0
ORD-1457,2023-04-28,2023-04-30,Second Class,CUST-0066,Customer 45,Corporate,Central,Ohio,Columbus,Office Supplies,Labels,Labels Model 930,122.28,9.0,0.3,1100.52
ORD-1458,2023-05-27,2023-05-30,Standard Class,CUST-0026,Customer 14,Corporate,East,Ohio,Columbus,Technology,Phones,Phones Model 527,143.9,9.0,0.2,1295.1
ORD-1459,2024-10-24,2024-10-30,Second Class,CUST-0076,Customer 92,Home Office,East,Texas,Houston,Furniture,Chairs,Chairs Model 639,207.79,7.0,0.0,1454.53
ORD-1460,2024-02-14,2024-02-17,First Class,CUST-0080,Customer 38,Consumer,West,New York,New York City,Technology,Copiers,Copiers Model 442,433.88,1.0,0.0,433.88
ORD-1461,2024-03-14,2024-03-20,Second Class,CUST-0085,Customer 65,Corporate,Central,Illinois,Chicago,Office Supplies,Art,Art Model 726,339.35,8.0,0.3,2714.8
ORD-1462,2023-11-09,2023-11-12,Same Day,CUST-0088,Customer 115,Home Office,South,Illinois,Chicago,Technology,Accessories,Accessories Model 534,351.86,2.0,0.0,703.72
ORD-1463,2024-10-10,2024-10-15,Standard Class,CUST-0031,Customer 21,Corporate,South,Illinois,Chicago,Office Supplies,Paper,Paper Model 211,26.44,6.0,0.2,158.64
ORD-1464,2024-09-20,2024-09-24,Same Day,CUST-0025,Customer 58,Corporate,East,California,Los Angeles,Furniture,Chairs,Chairs Model 233,223.07,4.0,0.0,892.28
ORD-1465,2023-03-16,2023-03-22,Same Day,CUST-0003,Customer 117,Home Office,East,New York,New York City,Technology,Phones,Phones Model 763,125.08,6.0,0.0,750.48
ORD-1466,2023-12-10,2023-12-15,Second Class,CUST-0001,Customer 126,Home Office,West,Texas,Houston,Technology,Machines,Machines Model 444,358.63,4.0,0.0,1434.52
ORD-1467,2024-06-11,2024-06-17,Standard Class,CUST-0129,Customer 42,Home Office,East,Texas,Houston,Office Supplies,Labels,Labels Model 947,406.03,3.0,0.0,1218.09
ORD-1468,2024-09-25,2024-10-01,Standard Class,CUST-0048,Customer 39,Home Office,West,Florida,Miami,Technology,Machines,Machines Model 109,156.68,6.0,0.0,940.08
ORD-1469,2024-01-16,2024-01-17,First Class,CUST-0004,Customer 9,Consumer,East,Ohio,Columbus,Office Supplies,Binders,Binders Model 253,110.93,8.0,0.3,887.44
ORD-1470,2023-03-10,2023-03-15,First Class,CUST-0146,Customer 111,Corporate,East,Washington,Seattle,Furniture,Furnishings,Furnishings Model 624,169.73,9.0,0.0,1527.57
ORD-1471,2024-05-10,2024-05-16,Standard Class,CUST-0117,Customer 11,Home Office,East,Florida,Miami,Office Supplies,Labels,Labels Model 608,361.48,9.0,0.2,3253.32
ORD-1472,2024-05-22,2024-05-23,First Class,CUST-0130,Customer 56,Home Office,Central,Washington,Seattle,Office Supplies,Labels,Labels Model 907,108.68,5.0,0.1,543.4
ORD-1473,2023-03-30,2023-04-01,Same Day,CUST-0130,Customer 13,Corporate,Central,Washington,Seattle,Technology,Phones,Phones Model 831,467.6,3.0,0.0,1402.8
ORD-1474,2023-07-11,2023-07-16,Second Class,CUST-0059,Customer 126,Home Office,West,Texas,Houston,Office Supplies,Storage,Storage Model 243,159.53,2.0,0.2,319.06
ORD-1475,2023-07-02,2023-07-08,First Class,CUST-0102,Customer 100,Home Office,West,California,Los Angeles,Furniture,Furnishings,Furnishings Model 566,398.55,7.0,0.2,2789.85
ORD-1476,2024-08-06,2024-08-08,Same Day,CUST-0083,Customer 42,Consumer,Central,Washington,Seattle,Furniture,Chairs,Chairs Model 272,452.11,6.0,0.2,2712.66
ORD-1477,2024-06-01,2024-06-03,Second Class,CUST-0029,Customer 126,Consumer,Central,Ohio,Columbus,Furniture,Bookcases,Bookcases Model 948,429.33,2.0,0.0,858.66
ORD-1478,2024-04-26,2024-04-30,First Class,CUST-0078,Customer 90,Consumer,West,Texas,Houston,Office Supplies,Storage,Storage Model 283,261.05,3.0,0.0,783.15
ORD-1479,2023-04-22,2023-04-28,First Class,CUST-0137,Customer 109,Consumer,East,Texas,Houston,Technology,Machines,Machines Model 290,472.07,3.0,0.3,1416.21
ORD-1480,2023-08-25,2023-08-28,First Class,CUST-0087,Customer 41,Home Office,Central,California,Los Angeles,Office Supplies,Art,Art Model 397,314.36,3.0,0.0,943.08
ORD-1481,2024-11-29,2024-11-30,Same Day,CUST-0133,Customer 48,Home Office,South,Texas,Houston,Furniture,Chairs,Chairs Model 786,98.65,4.0,0.0,394.6
ORD-1482,2023-01-24,2023-01-28,Second Class,CUST-0050,Customer 79,Home Office,West,Ohio,Columbus,Office Supplies,Storage,Storage Model 126,261.05,1.0,0.3,261.05
ORD-1483,2024-07-12,2024-07-17,Second Class,CUST-0096,Customer 116,Consumer,East,California,Los Angeles,Technology,Machines,Machines Model 100,317.53,8.0,0.2,2540.24
ORD-1484,2024-05-16,2024-05-21,First Class,CUST-0038,Customer 14,Home Office,West,Ohio,Columbus,Office Supplies,Art,Art Model 485,266.14,2.0,0.1,532.28
ORD-1485,2023-04-03,2023-04-07,Standard Class,CUST-0022,Customer 35,Consumer,South,Illinois,Chicago,Furniture,Chairs,Chairs Model 405,333.26,8.0,0.0,2666.08
ORD-1486,2023-05-12,2023-05-17,Second Class,CUST-0094,Customer 134,Consumer,Central,Ohio,Columbus,Office Supplies,Binders,Binders Model 424,72.99,7.0,0.1,510.93
ORD-1487,2023-06-14,2023-06-15,Second Class,CUST-0066,Customer 9,Home Office,South,Illinois,Chicago,Furniture,Furnishings,Furnishings Model 441,5.81,3.0,0.0,17.43
ORD-1488,2024-08-31,2024-09-02,Standard Class,CUST-0127,Customer 97,Consumer,South,Ohio,Columbus,Office Supplies,Paper,Paper Model 231,88.07,6.0,0.2,528.42
ORD-1489,2023-04-16,2023-04-17,Same Day,CUST-0070,Customer 62,Corporate,Central,Ohio,Columbus,Furniture,Tables,Tables Model 981,41.14,1.0,0.3,41.14
ORD-1490,2023-04-23,2023-04-28,First Class,CUST-0079,Customer 146,Home Office,West,Texas,Houston,Office Supplies,Binders,Binders Model 598,198.95,2.0,0.0,397.9
ORD-1491,2023-03-12,2023-03-14,First Class,CUST-0040,Customer 70,Corporate,West,New York,New York City,Office Supplies,Paper,Paper Model 292,269.81,4.0,0.2,1079.24
ORD-1492,2024-06-04,2024-06-07,Same Day,CUST-0042,Customer 128,Home Office,West,Ohio,Columbus,Office Supplies,Binders,Binders Model 939,429.48,5.0,0.1,2147.4
ORD-1493,2024-11-27,2024-12-01,Second Class,CUST-0030,Customer 109,Home Office,South,Texas,Houston,Furniture,Tables,Tables Model 225,124.38,8.0,0.2,995.04
ORD-1494,2024-06-26,2024-07-02,Second Class,CUST-0122,Customer 17,Corporate,West,Florida,Miami,Furniture,Bookcases,Bookcases Model 570,168.43,2.0,0.0,336.86
ORD-1495,2024-07-21,2024-07-24,Same Day,CUST-0035,Customer 114,Consumer,East,California,Los Angeles,Furniture,Bookcases,Bookcases Model 919,392.66,6.0,0.2,2355.96
ORD-1496,2023-08-07,2023-08-12,Same Day,CUST-0123,Customer 61,Corporate,South,Illinois,Chicago,Furniture,Chairs,Chairs Model 637,63.74,1.0,0.2,63.74
ORD-1497,2024-11-29,2024-12-03,First Class,CUST-0108,Customer 79,Corporate,West,Illinois,Chicago,Furniture,Furnishings,Furnishings Model 551,467.72,1.0,0.0,467.72
ORD-1498,2023-03-22,2023-03-27,Second Class,CUST-0032,Customer 105,Consumer,West,Washington,Seattle,Office Supplies,Storage,Storage Model 850,351.96,2.0,0.0,703.92
ORD-1499,2023-02-14,2023-02-15,First Class,CUST-0135,Customer 79,Home Office,West,Ohio,Columbus,Furniture,Tables,Tables Model 196,48.29,2.0,0.0,96.58
ORD-1500,2023-05-10,2023-05-12,Same Day,CUST-0087,Customer 38,Home Office,South,California,Los Angeles,Technology,Copiers,Copiers Model 433,93.65,9.0,0.0,842.85
