customer_id,customer_name,email,city,signup_date
CUST00544,Rebecca Horton,housepaul@example.net,Bengaluru,2025-02-11
CUST00627,Robert Mendoza,,Lucknow,2025-09-26
CUST00176,Lawrence Perry,kariwilson@example.com,Delhi,2025-04-22
CUST00372,Renee Hudson,candice25@example.net,Bengaluru,2025-11-04
CUST00145,Brenda Levy,zcoffey@example.net,Mumbai,2025-06-12
CUST00358,Rebecca Herrera,mark71@example.com,Bengaluru,2025-07-12
CUST00295,Jenna Anderson DVM,avilatiffany@example.com,Ahmedabad,2024-08-29
CUST00011,Andrew Stewart,carl95@example.org,Delhi,2024-11-25
CUST00052,Courtney Velasquez,ybailey@example.org,Delhi,2026-06-24
CUST00158,Richard Young,alfred40@example.org,Chennai,2024-07-13
CUST00029,Victoria Garcia,zchandler@example.org,Bengaluru,2025-10-01
CUST00304,Paul Wells,kevinzimmerman@example.com,Delhi,2026-03-01
CUST00233,Benjamin Thompson,zosborn@example.net,Mumbai,2026-04-13
CUST00147,James Little,daniel37@example.org,Pune,2024-11-28
CUST00374,Wendy Camacho,jacquelineanderson@example.org,Chennai,2024-09-25
CUST00600,Natalie Juarez,colemanjonathan@example.org,Chennai,2026-05-10
CUST00398,Brandon Hamilton,dsalazar@example.com,Jaipur,2024-11-23
CUST00343,Douglas Hartman,daniel93@example.net,Delhi,2024-12-24
CUST00066,Colleen Brock,pwilliams@example.org,Jaipur,2026-02-26
CUST00028,Brent Jordan,ujenkins@example.org,Bengaluru,2025-12-13
CUST00571,Cynthia Mitchell,mcculloughlouis@example.com,Kolkata,2025-05-27
CUST00634,Dr. Samuel Holmes DDS,jevans@example.net,Bengaluru,2026-04-26
CUST00454,Matthew Greene,collinclark@example.net,Bengaluru,2026-02-15
CUST00703,Christina Mills,ana92@example.net,Jaipur,2025-08-09
CUST00237,Stephen Jones,ukey@example.com,Mumbai,2026-01-13
CUST00244,Travis Wise,debra96@example.net,Kolkata,2026-06-17
CUST00586,Heather Parrish,msparks@example.org,Pune,2025-05-30
CUST00762,Brian Mullen,clarkmichael@example.com,Chennai,2026-01-07
CUST00664,Jeffrey Smith,brenda63@example.org,Chennai,2026-04-22
CUST00797,Michael Washington,cooperchristopher@example.org,Jaipur,2025-04-16
CUST00460,James Nash,shawrachel@example.net,Delhi,2024-12-10
CUST00377,Jackie Clements,brandi17@example.net,Kolkata,2026-04-16
CUST00320,Megan Drake,danieldavis@example.org,Hyderabad,2025-09-07
CUST00207,Stacey Arias,gbrown@example.com,Bengaluru,2024-11-16
CUST00138,Ian Phillips,andrew64@example.org,Jaipur,2024-06-24
CUST00738,Anthony Bailey,melissaestrada@example.net,Ahmedabad,2025-02-23
CUST00553,Michael Griffin,susanfleming@example.com,Hyderabad,2025-03-23
CUST00737,Kyle Smith,christine83@example.org,Ahmedabad,2024-10-18
CUST00506,Autumn Wilson,jimenezchelsea@example.com,Kolkata,2024-08-25
CUST00230,Laura Moreno,redwards@example.org,Hyderabad,2024-09-06
CUST00356,Charlotte Sandoval,njohnson@example.org,Kolkata,2025-10-22
CUST00202,Cynthia Wallace,karen73@example.net,Hyderabad,2025-11-30
CUST00062,Steven Flynn,donnacampbell@example.net,Mumbai,2026-07-04
CUST00468,Amanda Preston,hannah07@example.com,Delhi,2024-08-16
CUST00081,Cynthia Wells,elliottjeffery@example.net,Ahmedabad,2025-08-05
CUST00363,Melissa Brewer,angelaburns@example.org,Lucknow,2026-01-29
CUST00672,Patty Allen,barrettamber@example.com,Bengaluru,2024-07-16
CUST00515,Michael Brown,dalepruitt@example.com,Ahmedabad,2026-02-26
CUST00198,Susan Davis DDS,andrew42@example.org,Ahmedabad,2026-03-04
CUST00086,Matthew Smith,gshort@example.com,Chennai,2024-10-04
CUST00671,Kimberly Gibson,bgross@example.net,Kolkata,2025-06-22
CUST00267,Courtney Dudley,kellie37@example.com,Jaipur,2024-12-27
CUST00049,Stacey Russell,sarayoung@example.org,Jaipur,2026-07-23
CUST00592,Nathan Stanley,stacey37@example.net,Kolkata,2024-11-19
CUST00217,Ashley Perkins,dennis58@example.com,Jaipur,2026-02-22
CUST00122,Richard Adams,campbellkenneth@example.net,Chennai,2025-04-02
CUST00440,Eric Taylor,jessicakim@example.net,Mumbai,2025-10-29
CUST00195,Nathaniel Douglas,mathewaguilar@example.org,Pune,2024-10-17
CUST00127,Evelyn Garcia,dgarcia@example.org,Bengaluru,2025-03-12
CUST00330,Haley Davis,marypeterson@example.net,Ahmedabad,2025-11-28
CUST00351,Kathryn Cooper,webbkenneth@example.org,Jaipur,2025-08-06
CUST00329,Jasmine Mosley,patrick21@example.net,Lucknow,2024-07-26
CUST00400,Gregory Holmes PhD,gary24@example.net,Hyderabad,2026-03-31
CUST00302,Sheryl Buck,dpeters@example.com,Hyderabad,2026-02-07
CUST00059,Erika Terry,jamesortega@example.com,Delhi,2024-10-07
CUST00164,Larry Garcia,farrelldebra@example.net,Lucknow,2024-12-26
CUST00042,Victoria Valdez,contrerasangela@example.net,Jaipur,2025-11-02
CUST00291,Jennifer Velasquez,bethwilliams@example.com,Hyderabad,2025-10-08
CUST00462,Beth Henderson,oharris@example.org,Jaipur,2024-10-09
CUST00210,Luis Bullock,scottmary@example.net,Kolkata,2025-05-19
CUST00046,Michael Hoffman,jonesnicole@example.org,Kolkata,2026-02-15
CUST00492,Brittany Gay,robert97@example.org,Delhi,2025-04-05
CUST00082,Jacob Obrien,stricklandfrank@example.com,Mumbai,2024-09-22
CUST00457,Jeremiah Baker,anne21@example.org,Mumbai,2026-04-22
CUST00558,Ronald Johns,,Mumbai,2026-03-06
CUST00525,Andrew Dunn,connersylvia@example.net,Delhi,2025-11-06
CUST00112,Pamela Thompson,lmoon@example.net,LUCKNOW,2025-12-02
CUST00510,David Hall,joseph01@example.org,Chennai,2025-04-30
CUST00102,David Grant,yobrien@example.net,Delhi,2026-07-20
CUST00193,Helen Hardin,vortiz@example.net,Bengaluru,2026-05-28
CUST00325,Shannon Davis,hallrachel@example.net,Kolkata,2026-07-07
CUST00528,Brent Hopkins,petersonmaria@example.com,Jaipur,2026-01-08
CUST00178,Eric Clark,kathrynroberts@example.org,Lucknow,2026-04-16
CUST00579,Donna Marshall,sanderswayne@example.net,Kolkata,2024-10-25
CUST00601,Angela George,ascott@example.net,Ahmedabad,2025-09-30
CUST00109,Tammy Gonzales,sbarker@example.com,Pune,2026-01-28
CUST00234,Victoria Contreras,piercekelly@example.com,Delhi,2025-02-23
CUST00740,Matthew Graves,tammycurry@example.com,Kolkata,2026-03-07
CUST00575,Mr. Matthew Miller,michele28@example.org,Hyderabad,2025-02-28
CUST00549,Frank Williams,tracy98@example.com,Lucknow,2025-09-17
CUST00570,Danielle Gonzalez,wlynn@example.org,Chennai,2025-03-31
CUST00104,Marc Lynch,mezajared@example.org,Ahmedabad,2025-11-11
CUST00074,Sarah Ashley,vmedina@example.net,Delhi,2024-08-26
CUST00527,Sarah Rivera,xmoran@example.net,Jaipur,2026-06-05
CUST00294,Susan Bennett,desireebailey@example.org,Mumbai,2024-08-20
CUST00079,Trevor Fisher,ruizkaitlyn@example.org,Bengaluru,2026-06-25
CUST00315,Robert Jackson,iwhite@example.net,Pune,2025-08-24
CUST00433,Joseph Moody,gallagherstacie@example.net,Kolkata,2024-10-12
CUST00156,Robin Hall,kristinacarlson@example.com,Mumbai,2025-03-27
CUST00638,Richard Kelly,champton@example.org,Kolkata,2025-10-09
CUST00724,Ricardo Franklin,zcortez@example.net,Pune,2026-01-21
CUST00047,Sandra Aguilar,russellwilliams@example.com,Jaipur,2025-02-27
CUST00005,Gabrielle Davis,howardmaurice@example.com,Delhi,2024-07-15
CUST00747,Mrs. Felicia Castro DDS,davidsonhannah@example.com,Ahmedabad,2025-02-16
CUST00181,Thomas Atkins,tberry@example.net,Bengaluru,2026-04-20
CUST00103,Joseph Hayes,levans@example.com,Delhi,2024-08-05
CUST00323,Shannon Malone,,Jaipur,2025-11-02
CUST00451,Jessica Valdez,gmoore@example.com,Lucknow,2025-01-11
CUST00507,Valerie Howard,cphillips@example.net,Delhi,2024-09-16
CUST00452,Colton Terry,donna43@example.org,Jaipur,2025-01-13
CUST00621,Gloria Spencer,thomasgomez@example.net,Mumbai,2024-07-04
CUST00350,Brett Walker,seanmyers@example.net,Hyderabad,2025-12-31
CUST00124,Kimberly Gibson,molly39@example.com,Lucknow,2026-04-15
CUST00643,David Manning,clarkrandy@example.org,Bengaluru,2024-07-30
CUST00578,Kimberly Valdez,michaelwalker@example.net,Chennai,2025-04-28
CUST00798,Samantha Monroe,ptownsend@example.net,Hyderabad,2025-04-06
CUST00593,Sharon Jackson DVM,laurahoover@example.org,Bengaluru,2026-05-25
CUST00722,Jason Novak,stephanie33@example.org,Delhi,2024-09-06
CUST00092,Jason Peters,hannahbrewer@example.com,Jaipur,2024-06-30
CUST00087,Madison Poole,ryangross@example.net,Pune,2024-12-26
CUST00314,Kelly Sanchez,jonathan77@example.com,Hyderabad,2026-03-17
CUST00459,Joseph Camacho,parmstrong@example.com,Pune,2026-02-07
CUST00684,Joshua Brooks,michael77@example.com,Ahmedabad,2025-11-27
CUST00657,Diane Martinez,oacosta@example.org,Kolkata,2025-05-28
CUST00757,Brittany Peterson,hoconnor@example.com,Jaipur,2025-04-06
CUST00735,Toni Smith,alexander77@example.net,Chennai,2025-11-24
CUST00125,Reginald Williams,zthornton@example.com,Delhi,2026-04-29
CUST00396,Kimberly Hernandez,collinswilliam@example.org,Hyderabad,2025-09-28
CUST00017,Patricia Peterson,ryan70@example.net,Jaipur,2024-10-20
CUST00401,Patricia Johnson,enelson@example.com,Hyderabad,2025-09-25
CUST00625,Sarah Watson,travis94@example.com,Hyderabad,2024-10-17
CUST00196,Emily Douglas,tanderson@example.org,Bengaluru,2025-10-03
CUST00236,Dr. Cynthia Snyder,angela57@example.net,Pune,2024-10-22
CUST00357,Jeffrey Smith,jamiegoodwin@example.org,Pune,2025-09-25
CUST00500,Katherine Christensen MD,osmith@example.net,Lucknow,2026-05-07
CUST00557,Austin Santiago,michellecoleman@example.org,Chennai,2025-04-04
CUST00568,Clinton Jensen,james29@example.org,Ahmedabad,2025-12-03
CUST00768,Pamela Ruiz,douglashuang@example.com,Bengaluru,2026-02-25
CUST00535,Lisa Morris,mbarnes@example.net,Bengaluru,2026-03-09
CUST00342,Ernest Oconnell,kelly79@example.org,JAIPUR,2025-10-01
CUST00668,Michael Howard,johnwilliams@example.net,Chennai,2026-03-06
CUST00637,Gregory Frazier,barbarasantos@example.net,Jaipur,2026-01-03
CUST00499,Joseph Warren,ibarron@example.com,Kolkata,2026-01-10
CUST00324,Adam Jackson,pbruce@example.com,Mumbai,2026-02-17
CUST00379,Frank Campbell MD,ashleewashington@example.com,Chennai,2026-03-15
CUST00587,Brenda Martin,robertsonjuan@example.org,Pune,2025-02-01
CUST00700,Jessica Glass,jamesbrooks@example.net,Jaipur,2024-10-25
CUST00240,Amy Martinez,kevinmartin@example.net,Lucknow,2026-07-20
CUST00710,Harold Garrett,wendyirwin@example.com,Mumbai,2025-11-27
CUST00040,Kristine Garcia,williamanderson@example.com,Kolkata,2026-02-02
CUST00576,Stephen Jones,mcclainmelissa@example.net,Lucknow,2024-11-15
CUST00032,Tammy Allison,richardolson@example.com,Delhi,2025-02-04
CUST00215,Rachel Romero,myerstheodore@example.net,Delhi,2025-06-10
CUST00628,Joyce Martinez,astewart@example.org,Mumbai,2025-11-08
CUST00187,Justin Riley,michelle52@example.com,Ahmedabad,2026-03-02
CUST00212,Riley Bryant,copelandvincent@example.net,Pune,2025-08-19
CUST00675,John Garcia,hbarrett@example.net,Pune,2026-04-06
CUST00113,Robert Costa,vbailey@example.com,Hyderabad,2025-01-10
CUST00670,Denise Guerra,caseymoore@example.com,Mumbai,2026-05-03
CUST00133,James Thomas,yknight@example.org,Hyderabad,2024-08-06
CUST00247,Mr. Lawrence Edwards,jessica56@example.org,Lucknow,2024-10-16
CUST00753,Andre Terrell,ashleyprice@example.net,Hyderabad,2026-06-29
CUST00200,Kimberly Rodgers,stanleynancy@example.net,Bengaluru,2026-07-16
CUST00795,Richard King,joshua40@example.net,Hyderabad,2026-03-01
CUST00256,Gina Mcmillan,jameshicks@example.net,LUCKNOW,2025-12-18
CUST00004,Abigail Shaffer,jpeterson@example.org,Mumbai,2026-02-09
CUST00639,Dustin Welch,mirandadavidson@example.com,Kolkata,2025-07-02
CUST00611,Tara Holmes,arthurgreene@example.net,Ahmedabad,2025-06-07
CUST00629,Jamie Garcia,chloe42@example.net,Jaipur,2024-07-01
CUST00006,Monica Herrera,smiller@example.net,Pune,2025-02-08
CUST00537,Stacey Hunt,jennifer83@example.org,Mumbai,2025-02-19
CUST00191,Larry Mason,hayeslisa@example.com,Bengaluru,2026-04-17
CUST00386,Edwin Reyes,darlenebyrd@example.org,Mumbai,2025-09-12
CUST00559,Allison Love,millerbrian@example.com,Jaipur,2025-07-13
CUST00160,Jodi Walker,acostaregina@example.net,Hyderabad,2024-07-24
CUST00465,Ashley Hernandez,buckleyanna@example.org,Ahmedabad,2025-11-12
CUST00098,Adrian Ferguson,brandon08@example.com,Kolkata,2026-05-29
CUST00334,Emily Rodriguez,hahnsean@example.com,Chennai,2025-08-07
CUST00270,Thomas Douglas,ilewis@example.com,Ahmedabad,2026-04-07
CUST00348,Robin Wheeler,rodriguezjohn@example.net,Mumbai,2024-07-14
CUST00350,Brett Walker,seanmyers@example.net,HYDERABAD,2025-12-31
CUST00128,Jennifer Pena,charlesharrington@example.com,Mumbai,2026-07-15
CUST00248,Kayla Rodriguez,stevenadams@example.org,Delhi,2025-06-05
CUST00653,Miguel Brewer,fwalker@example.com,Pune,2025-04-03
CUST00271,Melissa Taylor,johnsantiago@example.net,Ahmedabad,2024-07-02
CUST00065,Michael Snyder,dylanwatts@example.org,Jaipur,2024-12-01
CUST00015,Rebecca Henderson,cruzcaitlin@example.com,Chennai,2025-06-02
CUST00171,Renee Bruce,lynchdiane@example.net,Kolkata,2025-05-15
CUST00560,Laura Perez,rickey76@example.com,Lucknow,2026-01-03
CUST00137,Ryan Gonzalez,gcastaneda@example.org,Jaipur,2026-06-07
CUST00455,Bradley Anthony,kristen77@example.net,Hyderabad,2024-11-10
CUST00588,Jack Love,guerrerorobert@example.com,Bengaluru,2024-09-02
CUST00704,Alicia Aguilar,scottbrian@example.org,LUCKNOW,2024-08-29
CUST00534,Mr. Thomas Thompson,jessicaanderson@example.com,Kolkata,2024-07-06
CUST00649,Gregory Fernandez,ramosmichael@example.com,Delhi,2025-01-05
CUST00447,Stacey Snyder,ybell@example.org,Pune,2024-10-18
CUST00583,Heather Harrison,ckeith@example.net,Mumbai,2026-04-07
CUST00736,Lisa Snyder,briannaalvarez@example.com,Mumbai,2025-05-07
CUST00020,Linda Burns,hickmannatasha@example.com,Pune,2026-06-06
CUST00702,Robert Torres,njohnson@example.net,Kolkata,2026-06-19
CUST00108,Derek Thomas,martinkyle@example.net,Kolkata,2024-10-15
CUST00328,Michelle Sanders,evansanne@example.net,Lucknow,2024-07-06
CUST00696,Patricia Anderson,timothygonzalez@example.com,Pune,2024-10-17
CUST00106,Doris Hall,jacqueline71@example.net,Mumbai,2024-12-22
CUST00100,John Peterson,kingmichelle@example.org,Hyderabad,2025-01-23
CUST00388,Tamara Jensen,fheath@example.org,Chennai,2024-08-11
CUST00714,Erin Daniels,denisecarpenter@example.net,Mumbai,2025-02-26
CUST00305,Kristina Faulkner,paulscott@example.com,Pune,2026-03-17
CUST00763,Tony Brock,georgecollins@example.com,Bengaluru,2025-01-04
CUST00110,Kathryn Snyder,georgepamela@example.net,Delhi,2026-03-11
CUST00479,Alejandra King,jennifer46@example.com,Jaipur,2026-06-23
CUST00742,John Martinez,mark68@example.org,Lucknow,2026-06-23
CUST00416,Samuel Howe,vhaynes@example.com,Chennai,2026-07-20
CUST00636,Patrick Green,ann45@example.org,Jaipur,2025-12-24
CUST00709,Thomas Torres,klong@example.org,Kolkata,2025-11-11
CUST00390,Bradley Tran,kimberly04@example.org,Bengaluru,2025-02-20
CUST00476,Seth Matthews,max41@example.com,Hyderabad,2025-09-22
CUST00031,Angela Morton,williamsyvette@example.org,Pune,2026-05-17
CUST00238,Patricia Morrow,martinezlogan@example.org,Ahmedabad,2026-06-01
CUST00280,Margaret Sullivan,frobertson@example.com,Jaipur,2026-05-22
CUST00239,Michael Cooper,katrinaanderson@example.net,Chennai,2024-12-03
CUST00756,Paula Gentry,zhunter@example.com,Jaipur,2024-12-31
CUST00531,Richard Love,shermanbrandon@example.net,Mumbai,2025-05-01
CUST00585,Jamie Gray,blacknicholas@example.org,Chennai,2025-04-27
CUST00632,Kenneth Perez,lelinda@example.net,Delhi,2026-03-06
CUST00706,Mary Lin,carternicole@example.com,Ahmedabad,2025-10-05
CUST00117,Peter Garrett,harrisandrea@example.com,Mumbai,2024-06-24
CUST00784,Zachary Santiago,alexanderwong@example.org,Delhi,2026-01-22
CUST00069,Paul Larsen,katie87@example.net,Chennai,2025-09-06
CUST00538,Miguel Parks,tinasantos@example.org,Lucknow,2025-07-30
CUST00620,Harry Nichols,john16@example.net,Ahmedabad,2026-03-07
CUST00112,Pamela Thompson,lmoon@example.net,Lucknow,2025-12-02
CUST00146,Richard Smith,gibsonemily@example.net,Kolkata,2026-03-12
CUST00698,Thomas Davis,whenderson@example.org,Delhi,2025-06-19
CUST00116,April Booth,mgutierrez@example.net,Hyderabad,2025-09-26
CUST00144,Terry Coffey,,Chennai,2025-01-16
CUST00713,Lori Perez,ashleysimmons@example.com,Chennai,2025-11-28
CUST00441,Marie Thompson,jeffrey92@example.com,Kolkata,2025-03-28
CUST00360,Harold Ellis,lisamccarthy@example.com,Mumbai,2025-03-24
CUST00355,Christopher Moore,omullen@example.com,Jaipur,2026-06-07
CUST00038,Kevin Mills,james53@example.com,Bengaluru,2025-02-22
CUST00581,Travis Hopkins,jillwebb@example.com,Kolkata,2026-04-04
CUST00252,Amber Campbell,amitchell@example.org,Ahmedabad,2024-10-01
CUST00225,Mitchell Jackson,cbell@example.net,Kolkata,2024-10-31
CUST00107,Dennis Moody,ronaldstephens@example.net,Lucknow,2024-08-23
CUST00264,Tami Salas,thorntonapril@example.net,Pune,2025-06-13
CUST00096,Tiffany Vaughn,javierwashington@example.net,Kolkata,2024-06-17
CUST00692,Sarah Mcfarland,hbrown@example.org,Chennai,2026-06-11
CUST00466,Sharon Beard,pbaker@example.com,Lucknow,2024-07-29
CUST00449,Fernando Lynn,petersonpamela@example.org,Lucknow,2024-07-06
CUST00771,Bethany Garcia,nguyendebra@example.com,Lucknow,2026-07-12
CUST00402,Laura Jones,ddixon@example.com,Pune,2025-07-13
CUST00337,Misty Hansen,ashleyjackson@example.com,Ahmedabad,2025-04-06
CUST00135,David Scott,nolansteven@example.com,Delhi,2025-05-22
CUST00438,Carlos Love,brian29@example.net,Jaipur,2025-08-18
CUST00347,Karen Morales DDS,ystephens@example.com,Hyderabad,2025-09-06
CUST00216,James Burgess,kristina53@example.net,Kolkata,2025-08-18
CUST00469,Alicia Roth,larry71@example.org,Kolkata,2025-08-25
CUST00746,April Johnson,mclaughlinjared@example.net,Mumbai,2025-07-22
CUST00265,Matthew Fox,sue78@example.com,Chennai,2025-03-28
CUST00170,John Boone,megan51@example.com,Hyderabad,2025-11-16
CUST00432,William Moreno,terrigarcia@example.net,Ahmedabad,2026-06-02
CUST00054,Meghan Anthony,sheila14@example.org,Mumbai,2026-03-17
CUST00292,Kimberly Brown,andersenthomas@example.com,Ahmedabad,2025-05-29
CUST00718,Elizabeth Reese,edwin31@example.org,Bengaluru,2026-02-11
CUST00614,Krista Barber,michael43@example.net,Kolkata,2024-09-06
CUST00152,Teresa Ramirez,jeff73@example.com,Pune,2025-01-05
CUST00231,Allison Lopez,hmcintyre@example.com,Delhi,2026-07-22
CUST00640,Logan Sullivan,millermatthew@example.com,Delhi,2025-06-15
CUST00643,David Manning,clarkrandy@example.org,BENGALURU,2024-07-30
CUST00572,Matthew Steele,arianadiaz@example.com,Delhi,2026-03-23
CUST00711,Lori Johns,raymondstacy@example.org,Hyderabad,2024-11-30
CUST00189,Jesse Brown,chase19@example.net,Lucknow,2024-12-31
CUST00458,Rhonda Gutierrez,angelarandall@example.net,Bengaluru,2024-06-30
CUST00704,Alicia Aguilar,scottbrian@example.org,Lucknow,2024-08-29
CUST00186,Craig Morrison,thompsonkendra@example.com,Delhi,2024-08-01
CUST00044,Michelle Harris,william40@example.org,Bengaluru,2026-05-12
CUST00143,Casey Anderson,alyssa42@example.com,Hyderabad,2025-06-23
CUST00470,William Ramos,joseph69@example.net,Ahmedabad,2026-06-14
CUST00654,Kellie Marsh,justin84@example.com,Delhi,2026-04-17
CUST00392,Jonathan Wheeler,hatfieldsarah@example.org,Bengaluru,2024-12-11
CUST00353,Brent Bowen,tflores@example.org,Mumbai,2026-04-09
CUST00779,Susan Torres,wrobbins@example.org,Hyderabad,2026-04-17
CUST00151,Kimberly Matthews,nicolepena@example.com,Kolkata,2024-07-24
CUST00068,Jessica Meadows,vmerritt@example.com,Hyderabad,2025-07-28
CUST00425,Carl Stein,david70@example.org,Hyderabad,2025-12-16
CUST00289,Daniel Aguilar,,Bengaluru,2026-03-30
CUST00519,Krystal Levine,april91@example.com,Lucknow,2025-10-26
CUST00352,Todd Thomas,matthew38@example.com,Pune,2024-10-09
CUST00331,Jennifer Ayala,walterskristen@example.com,Ahmedabad,2025-03-26
CUST00383,Cynthia Rios,smiththomas@example.org,Lucknow,2024-08-24
CUST00412,Oscar Parker,alyssaallen@example.com,Bengaluru,2026-03-20
CUST00438,Carlos Love,brian29@example.net,JAIPUR,2025-08-18
CUST00318,Mark Peck,bhopkins@example.org,Mumbai,2024-08-15
CUST00488,Robert Hines,staceylam@example.net,Bengaluru,2026-01-05
CUST00132,Ashlee Jackson,rebecca05@example.org,Hyderabad,2025-11-14
CUST00538,Miguel Parks,tinasantos@example.org,LUCKNOW,2025-07-30
CUST00297,Shaun Cannon,pachecorobert@example.org,Lucknow,2025-04-22
CUST00284,Stephanie Padilla,hannah45@example.net,Mumbai,2024-12-30
CUST00733,Krystal Keller,fernandothomas@example.net,Bengaluru,2025-05-01
CUST00666,Mr. George Booker DDS,browndeanna@example.net,Kolkata,2024-12-02
CUST00131,Yolanda Francis,wgood@example.net,Pune,2026-05-19
CUST00736,Lisa Snyder,briannaalvarez@example.com,MUMBAI,2025-05-07
CUST00443,Patricia Bradley,carriemccall@example.net,Ahmedabad,2025-02-11
CUST00115,Brandon King,cordovarichard@example.net,Bengaluru,2026-05-03
CUST00359,Katherine Church,candice96@example.net,Lucknow,2025-11-17
CUST00009,Daniel Adams,lynchgeorge@example.net,JAIPUR,2025-08-18
CUST00408,John Campbell,mark87@example.org,Delhi,2026-02-25
CUST00676,Dawn Diaz,smithsamantha@example.net,Chennai,2025-07-12
CUST00272,David Garcia,jennifer12@example.org,Hyderabad,2025-01-27
CUST00489,Henry Garner,robert55@example.com,Lucknow,2026-01-11
CUST00285,Tyler Mendoza,madkins@example.com,Pune,2025-06-19
CUST00130,Stacy Freeman,williamsonjimmy@example.net,Lucknow,2025-01-16
CUST00716,Krystal Moore,grantstacy@example.org,Hyderabad,2026-03-06
CUST00781,April Castro,daniel40@example.org,Lucknow,2025-10-19
CUST00211,Lisa Henderson,john10@example.org,Ahmedabad,2025-08-14
CUST00444,Keith Zuniga,markmiller@example.com,Mumbai,2026-05-18
CUST00775,Kyle Nguyen,shortgregory@example.com,Delhi,2025-06-27
CUST00741,Anna Evans,priscilla16@example.net,Pune,2024-11-25
CUST00041,Sherry Wood,samueldaniels@example.com,Chennai,2025-01-25
CUST00307,Michael Morrison,lopezkathleen@example.net,Bengaluru,2025-02-15
CUST00543,Ashley Parrish,juliahoffman@example.org,Pune,2025-06-07
CUST00205,David Davidson,angela18@example.org,Pune,2025-03-20
CUST00273,Vanessa Moore,mwoods@example.com,Pune,2025-04-24
CUST00009,Daniel Adams,lynchgeorge@example.net,Jaipur,2025-08-18
CUST00526,Jordan Clark,xclements@example.org,Bengaluru,2024-10-25
CUST00071,Chris Reyes,jasminebrown@example.com,Pune,2024-08-19
CUST00478,Matthew Palmer,wellsdavid@example.org,Mumbai,2026-04-16
CUST00382,Isaac Miller,brettgarrett@example.net,Ahmedabad,2025-12-21
CUST00008,Dr. Sharon James,xreid@example.org,Pune,2026-06-18
CUST00688,Kevin Hall,christopher69@example.org,Ahmedabad,2025-01-05
CUST00225,Mitchell Jackson,cbell@example.net,KOLKATA,2024-10-31
CUST00340,Brian Torres,ncook@example.com,Chennai,2024-10-11
CUST00094,Kara Schmidt,jbarajas@example.com,Ahmedabad,2025-10-20
CUST00697,Christina Gilbert,johnadams@example.com,Bengaluru,2025-02-12
CUST00550,Michael Fox,abigailhartman@example.org,Lucknow,2025-05-11
CUST00080,Mrs. Marie Harrington DDS,herringjames@example.org,Lucknow,2025-10-12
CUST00420,Amanda Huff,eddie35@example.com,Hyderabad,2025-10-21
CUST00050,Rita Keith,whitesandra@example.com,Chennai,2024-10-07
CUST00251,Kathleen Davis,pwagner@example.org,Chennai,2024-06-27
CUST00148,Terri Murphy,deborahreid@example.com,Kolkata,2024-07-10
CUST00787,Robert Cruz,jacobjacobs@example.net,Kolkata,2026-05-23
CUST00058,Lisa Alvarado,cortezkevin@example.com,Lucknow,2025-05-12
CUST00645,Luke Miller,pparker@example.net,Bengaluru,2026-05-17
CUST00428,Danielle Phillips,eandrade@example.org,Chennai,2024-10-03
CUST00387,Alejandra Santos,nbell@example.net,Hyderabad,2024-07-14
CUST00056,William Wilson,jonathanfletcher@example.org,Bengaluru,2025-07-02
CUST00770,John Bell,ssingleton@example.com,Chennai,2024-11-28
CUST00774,Kimberly Young,stevensonjennifer@example.com,Lucknow,2025-04-17
CUST00794,Mary Carter,mitchellchristopher@example.net,Chennai,2025-12-26
CUST00378,Heather Brown,brobinson@example.org,Mumbai,2025-10-08
CUST00450,Kimberly Villanueva,morgantricia@example.com,Chennai,2025-02-19
CUST00339,Richard Ward,jennifersimpson@example.net,Mumbai,2025-05-03
CUST00085,Barbara Riggs,reedross@example.com,MUMBAI,2024-08-16
CUST00529,Jacqueline Rodriguez,travisunderwood@example.net,Mumbai,2025-07-26
CUST00026,Shannon Jones,joshuawashington@example.net,Pune,2026-05-02
CUST00048,Rebecca Valencia,jason31@example.com,Delhi,2026-05-12
CUST00175,Sophia Moore,craigjoseph@example.net,Hyderabad,2025-08-04
CUST00446,Hayley Buchanan,williamssamuel@example.com,Delhi,2025-07-27
CUST00060,Stephanie Gilbert,richard04@example.com,Hyderabad,2025-02-15
CUST00154,Samantha Davis,darleneharper@example.org,Pune,2024-07-09
CUST00717,Ryan Thomas,cannonnicole@example.com,Mumbai,2025-11-11
CUST00590,Andrew Berry,dennishunt@example.net,Jaipur,2024-07-23
CUST00162,Katherine Browning,lammarc@example.org,Chennai,2025-09-04
CUST00245,Kathleen Burton,dawn47@example.org,Mumbai,2026-02-11
CUST00597,Kim Goodwin,olsondavid@example.net,Hyderabad,2026-07-25
CUST00159,Kelly Reese,xwest@example.net,Hyderabad,2024-12-14
CUST00391,Katrina Adkins,debbie37@example.com,Kolkata,2026-01-15
CUST00327,Amanda Mcfarland,alexis39@example.org,Mumbai,2025-02-04
CUST00410,Dr. Morgan Payne PhD,adamortiz@example.org,Chennai,2025-01-25
CUST00641,Eddie Adams,cnelson@example.com,Chennai,2025-02-16
CUST00595,James Rodriguez,alexandrablankenship@example.net,Delhi,2025-08-09
CUST00389,Bryce Blair,sylvia52@example.org,Chennai,2025-07-03
CUST00618,Tonya Ellis,bmosley@example.com,Delhi,2025-04-04
CUST00180,Mary Gomez,chensley@example.com,Pune,2025-11-20
CUST00630,Derrick Mullen,michael76@example.org,Jaipur,2026-01-24
CUST00418,Christopher Owens,wmartinez@example.org,Jaipur,2025-06-24
CUST00712,Steven Sandoval,blairabigail@example.net,Chennai,2026-06-11
CUST00055,Victoria Johnson,yreed@example.com,Jaipur,2026-02-28
CUST00633,James Thomas,thomassmith@example.com,Pune,2026-01-20
CUST00394,Austin Baker,livingstonstacy@example.com,Pune,2025-11-06
CUST00169,Michelle Schmitt,michael98@example.org,Lucknow,2025-05-02
CUST00551,Joshua Davis,nicolealvarado@example.com,Chennai,2024-11-16
CUST00594,Kayla Jackson,sandra99@example.org,Bengaluru,2026-06-23
CUST00533,Jonathan Moreno,,Kolkata,2025-04-07
CUST00755,David Hayes DVM,aliciathompson@example.com,Kolkata,2024-08-06
CUST00025,Crystal Robinson,zimmermanbrian@example.org,Bengaluru,2025-06-29
CUST00299,Andrew Gonzales,karenparsons@example.org,Kolkata,2026-02-25
CUST00679,Toni Davis,amandalopez@example.net,Ahmedabad,2024-09-01
CUST00650,Adam Mills,mauriceharrison@example.org,Chennai,2025-04-28
CUST00019,Mark Lynch,nathanielmartin@example.net,Lucknow,2025-06-20
CUST00646,Mark Anderson,anthonyalvarado@example.com,Ahmedabad,2026-03-23
CUST00313,Alexis Tran,mphillips@example.com,Mumbai,2026-05-19
CUST00255,William Becker,andersoncolin@example.com,Jaipur,2026-04-12
CUST00226,Heather Bolton,danielle01@example.net,Bengaluru,2024-08-05
CUST00088,Robert Medina,umarshall@example.net,Ahmedabad,2024-11-05
CUST00448,Rachel Lane,franciscojones@example.org,Mumbai,2026-04-24
CUST00473,Samuel Suarez,thompsonnancy@example.org,Bengaluru,2025-03-23
CUST00647,Julie Pitts,amy28@example.org,Bengaluru,2024-08-18
CUST00223,Kathleen Jimenez,laurie61@example.com,Kolkata,2026-02-11
CUST00574,Brandy Quinn,wford@example.com,Mumbai,2026-01-07
CUST00730,Kevin Marquez,nicoledavis@example.com,Delhi,2024-11-23
CUST00219,Chad Baldwin,mjohnson@example.org,Kolkata,2025-10-25
CUST00659,Amanda Miller,brianrowe@example.org,Chennai,2025-11-28
CUST00430,Rachael Howard DDS,kcooper@example.net,Jaipur,2025-05-16
CUST00467,Kara Jackson,mthomas@example.net,Jaipur,2025-04-19
CUST00792,Jose Harrison,robert44@example.org,Jaipur,2025-07-05
CUST00513,Anna Briggs,danielross@example.com,Lucknow,2024-08-04
CUST00194,Rachel Holland,riveraangela@example.com,Ahmedabad,2024-08-05
CUST00176,Lawrence Perry,kariwilson@example.com,DELHI,2025-04-22
CUST00287,Angela Griffin,christian91@example.org,Bengaluru,2025-03-22
CUST00067,Robert Contreras,stephanie79@example.net,Pune,2025-12-19
CUST00769,Jenna Lyons,kristina57@example.com,Bengaluru,2025-05-16
CUST00072,John Brown,xprice@example.net,Delhi,2026-02-07
CUST00413,Valerie Thomas,christopher38@example.com,Delhi,2025-04-27
CUST00083,Alexander Collins,tsanders@example.org,Kolkata,2025-06-12
CUST00749,Keith Choi,jamesbass@example.net,Delhi,2025-03-30
CUST00480,Judy Robinson,erica96@example.net,Kolkata,2025-09-20
CUST00681,Megan Park,kandrade@example.org,Kolkata,2025-05-02
CUST00016,Tricia Valencia,,Hyderabad,2024-07-29
CUST00754,Richard Parker,jennifer46@example.org,Kolkata,2025-06-24
CUST00699,Kirk Johnson,gary59@example.com,Lucknow,2025-06-27
CUST00655,Barry Taylor,walshchristine@example.com,Hyderabad,2024-10-20
CUST00547,William Jones,jillwilson@example.org,Mumbai,2024-12-13
CUST00407,Michael Williams,lindajarvis@example.com,Hyderabad,2024-06-23
CUST00256,Gina Mcmillan,jameshicks@example.net,Lucknow,2025-12-18
CUST00580,Victor Holden,katherinetaylor@example.org,Mumbai,2025-04-28
CUST00136,Brooke Alexander,vanessa46@example.net,Hyderabad,2024-11-27
CUST00662,Vickie Kennedy,sharon20@example.net,Bengaluru,2025-12-25
CUST00417,Dillon Jones,,Bengaluru,2025-01-06
CUST00030,Connor West,dwhite@example.org,Hyderabad,2026-04-01
CUST00182,Brian Smith,george97@example.net,Hyderabad,2025-11-24
CUST00228,Jessica Martinez,kimberlydiaz@example.com,Ahmedabad,2025-05-15
CUST00405,Cassidy Horne,tranrobin@example.net,Hyderabad,2026-06-01
CUST00365,Tracey Wagner,fortiz@example.com,Ahmedabad,2025-06-03
CUST00767,Anna Lang,tdavis@example.net,Ahmedabad,2025-11-28
CUST00105,Brad Allen,moorericky@example.net,Bengaluru,2024-08-12
CUST00322,Judy Sanchez,kevinclayton@example.org,Kolkata,2025-03-20
CUST00269,Jennifer Reed,kellyroberts@example.net,Ahmedabad,2026-01-04
CUST00453,Kenneth Larsen,briansmith@example.org,Pune,2025-02-08
CUST00786,Stephanie Dominguez,dhanson@example.net,Chennai,2025-08-17
CUST00393,Ryan Fisher,kathrynbest@example.org,Lucknow,2025-07-11
CUST00524,Jillian Wilson,bmcgee@example.org,Hyderabad,2025-05-16
CUST00522,Erica Rivera,brent38@example.net,Delhi,2025-01-10
CUST00242,Denise Weber,shawgary@example.net,Lucknow,2024-07-11
CUST00431,Devin Johnson,anthonycochran@example.com,Pune,2026-04-09
CUST00555,Jaime Lang,stucker@example.net,Mumbai,2025-04-28
CUST00694,Nicole Johnston,walkerkeith@example.com,Hyderabad,2024-11-23
CUST00204,Douglas Reyes,mburch@example.net,Mumbai,2026-06-15
CUST00731,Susan Hogan,davisjasmin@example.net,Kolkata,2025-10-23
CUST00084,Michael Burton,terrykevin@example.net,Kolkata,2025-10-06
CUST00119,Anna Gay,murraydavid@example.org,Mumbai,2025-12-17
CUST00097,Paige Carlson,wallkenneth@example.com,Hyderabad,2025-09-23
CUST00502,Martin Wise,wheelerbrandon@example.org,Hyderabad,2024-07-14
CUST00167,Bradley Reynolds,lisa80@example.net,Pune,2025-06-22
CUST00530,Ashley Carr,davidphelps@example.org,Kolkata,2024-07-04
CUST00190,Julie Spencer,colelisa@example.net,Ahmedabad,2025-07-29
CUST00744,Lee Stewart,sara99@example.com,Jaipur,2025-10-06
CUST00683,Erika Watson PhD,umckenzie@example.net,Delhi,2026-07-08
CUST00093,Alan Phillips,tholt@example.net,Pune,2024-12-02
CUST00367,Joshua Jackson,xcunningham@example.com,Ahmedabad,2025-05-10
CUST00316,Kelly Combs,landryelizabeth@example.org,Jaipur,2025-01-31
CUST00262,Patricia James,anthonyvaughan@example.org,Chennai,2024-07-14
CUST00362,Charles Price,baileyhenderson@example.com,Delhi,2025-03-31
CUST00139,Melissa Garner,lozanojulie@example.com,Mumbai,2026-05-23
CUST00727,Cheryl Gonzales,kim47@example.org,Hyderabad,2026-04-03
CUST00277,Tanya Rogers,ihays@example.net,Ahmedabad,2025-03-19
CUST00385,Karen Perez,crosscurtis@example.com,Kolkata,2024-09-23
CUST00057,Renee Mcdaniel,michaeljones@example.net,Jaipur,2025-12-10
CUST00656,Katherine Flores,brandonnichols@example.org,Kolkata,2025-07-29
CUST00523,Robert Miller,csolis@example.org,Pune,2024-11-02
CUST00411,Makayla Steele,tapiaaaron@example.net,Pune,2026-03-12
CUST00089,Samuel Rivas,ramirezshannon@example.com,Bengaluru,2025-03-27
CUST00669,Edward Terry,ashleystephens@example.com,Hyderabad,2026-03-31
CUST00563,Preston Kim,bshort@example.com,Ahmedabad,2025-11-10
CUST00281,Cathy Taylor,shari04@example.com,Pune,2025-01-22
CUST00371,Heather Page,imartin@example.org,Kolkata,2025-07-15
CUST00140,Crystal Pham,danaoliver@example.net,Jaipur,2024-07-21
CUST00361,Leslie Powers,david41@example.org,Chennai,2025-11-16
CUST00461,Lisa Martinez,kthompson@example.org,Delhi,2024-10-22
CUST00516,Meghan White,nmaxwell@example.org,Kolkata,2025-03-21
CUST00288,Stephanie Harris,franklinbond@example.com,Delhi,2026-01-02
CUST00723,Timothy Duke,dwatts@example.org,Lucknow,2025-03-13
CUST00493,Mike Maxwell,lcook@example.com,Hyderabad,2025-06-10
CUST00203,Vincent Mueller,michealvalentine@example.com,Pune,2025-03-23
CUST00403,Carol Moore,,Mumbai,2025-02-12
CUST00341,Erin Cook,kevinmorrison@example.net,Jaipur,2024-06-16
CUST00564,Daniel Francis,susan24@example.net,Delhi,2025-09-19
CUST00366,Jill Jackson,flynnjeffrey@example.org,Jaipur,2025-12-23
CUST00024,Jessica Holmes,wrightcaleb@example.org,Ahmedabad,2026-03-27
CUST00346,David Moore,emccormick@example.com,Hyderabad,2025-12-29
CUST00165,Cindy Hayes,robertwilcox@example.com,Delhi,2026-06-10
CUST00491,Steve Mason,amoreno@example.org,Kolkata,2025-06-12
CUST00536,Denise Stuart,shawn22@example.com,Chennai,2024-09-13
CUST00773,Daniel Benson,bmueller@example.net,Jaipur,2025-12-12
CUST00335,Brandon Jordan,fgarcia@example.com,Chennai,2026-05-02
CUST00311,Elizabeth Ward,zowens@example.net,Delhi,2025-02-07
CUST00772,Jennifer Gutierrez,amydickson@example.com,Lucknow,2025-05-25
CUST00129,Michael Santos,melissa86@example.com,Bengaluru,2025-03-20
CUST00354,Ashley Sweeney,byrdfrank@example.net,Ahmedabad,2026-06-18
CUST00566,Andrew Armstrong,fmedina@example.com,Jaipur,2026-04-07
CUST00372,Renee Hudson,candice25@example.net,BENGALURU,2025-11-04
CUST00241,Travis Stone,meghan43@example.net,Bengaluru,2025-04-29
CUST00540,Mary Butler,natalie60@example.net,Chennai,2025-01-27
CUST00319,Jennifer Smith,amanda40@example.net,Hyderabad,2026-02-14
CUST00765,Michael Vance,tjensen@example.com,Delhi,2024-07-31
CUST00263,Jeremy Barnes,avaughn@example.net,Chennai,2024-12-18
CUST00429,James Barnes,crystalpham@example.org,Ahmedabad,2024-07-10
CUST00099,Beth Oneill,agarcia@example.net,Ahmedabad,2024-11-20
CUST00616,Kathy Morgan,prattsue@example.net,Mumbai,2026-06-16
CUST00743,Lisa Rodriguez,webbhaley@example.net,Pune,2024-11-25
CUST00635,Brett Martin,lisawoods@example.net,Jaipur,2025-06-19
CUST00783,Christopher Taylor,xbridges@example.com,Kolkata,2024-11-13
CUST00090,Mary Rogers,lrosales@example.com,Pune,2024-08-31
CUST00332,Henry Pugh MD,nmiller@example.com,Lucknow,2025-09-04
CUST00780,Lisa Dixon,melissabrown@example.net,Lucknow,2025-02-03
CUST00434,Rebecca Kelly,gregorywatkins@example.net,Delhi,2024-07-23
CUST00760,Stephen Garcia,andrew43@example.com,Lucknow,2024-10-14
CUST00607,Lisa Cohen,martintamara@example.org,Jaipur,2024-10-20
CUST00487,Sarah Pittman,kellyruiz@example.net,Mumbai,2026-07-17
CUST00693,Karl Murphy,ericnunez@example.com,Jaipur,2025-12-22
CUST00622,Travis Vega,victorgonzalez@example.net,Pune,2024-11-15
CUST00261,Paula Lane,silvageorge@example.net,Lucknow,2026-03-01
CUST00306,Tammy Boone,nicholsmaria@example.org,Hyderabad,2026-04-22
CUST00197,James Conner,elizabethcalderon@example.net,Jaipur,2026-02-14
CUST00141,Patricia Becker,courtneyberger@example.net,Lucknow,2026-01-01
CUST00123,Mary Grimes,wryan@example.com,Ahmedabad,2025-12-23
CUST00495,Jeffrey Jordan,ysanford@example.org,Bengaluru,2026-04-18
CUST00111,David Davis,keyemily@example.com,Kolkata,2026-04-19
CUST00085,Barbara Riggs,reedross@example.com,Mumbai,2024-08-16
CUST00556,Jose Vaughan,teresaayala@example.net,Ahmedabad,2024-07-23
CUST00514,James Jefferson,zbanks@example.org,Hyderabad,2025-09-11
CUST00483,Stephanie Evans,zacharyallen@example.org,Chennai,2025-08-26
CUST00569,Tara Gamble,enewman@example.com,Lucknow,2024-11-24
CUST00075,Stephanie Freeman,ryan06@example.com,Delhi,2025-02-04
CUST00793,Thomas Curry,bryan79@example.org,Bengaluru,2025-09-28
CUST00522,Erica Rivera,brent38@example.net,DELHI,2025-01-10
CUST00274,Matthew Velez,pearsonjesse@example.net,Chennai,2025-10-12
CUST00397,Brittney Murphy,collinssamuel@example.org,Delhi,2025-10-04
CUST00155,Gavin Zhang,caseyhubbard@example.org,Kolkata,2025-05-17
CUST00192,Mrs. Maria Williams,hritter@example.net,Mumbai,2025-08-24
CUST00761,Dustin Patel,rlambert@example.org,Mumbai,2025-07-23
CUST00188,Jeremy Turner,brittany58@example.org,Ahmedabad,2025-08-13
CUST00051,Sharon Cochran,erik16@example.org,Kolkata,2024-11-23
CUST00039,Michael Evans,sarah10@example.com,Jaipur,2025-03-11
CUST00419,John Phelps,mooregina@example.net,Jaipur,2025-03-21
CUST00728,Louis Brown,stevenlucas@example.org,Ahmedabad,2025-02-20
CUST00209,Raven Taylor,samantha72@example.net,Pune,2024-08-19
CUST00376,Jason Hayes,powellkara@example.net,Delhi,2026-06-24
CUST00464,Donald Ellis,buchanancindy@example.net,Jaipur,2026-02-12
CUST00471,Jeremy Mcintyre,wfigueroa@example.net,Mumbai,2024-09-05
CUST00518,Arthur Pena,busherica@example.net,Kolkata,2024-10-06
CUST00076,Rebecca Ramsey,ncalhoun@example.net,Delhi,2025-05-19
CUST00249,Anthony Dougherty,kwright@example.com,Kolkata,2026-04-23
CUST00303,Megan Floyd,heather62@example.com,Hyderabad,2026-01-18
CUST00615,Jordan Powell,greenrichard@example.org,Pune,2024-07-13
CUST00789,Ashley Olson,thomasjessica@example.com,Ahmedabad,2026-07-08
CUST00012,Jennifer Rocha,ithomas@example.org,Chennai,2025-03-26
CUST00486,Micheal Parks,qknox@example.com,Mumbai,2024-09-18
CUST00463,Deanna Bartlett,millerangela@example.net,Ahmedabad,2025-09-17
CUST00541,James Brown,gonzalezkaren@example.org,BENGALURU,2024-09-01
CUST00282,Paul Finley,brandi90@example.com,Hyderabad,2026-06-26
CUST00254,Chloe Tran,hughesshannon@example.net,Bengaluru,2025-09-03
CUST00290,Jose Bryant,hansenemily@example.com,MUMBAI,2024-06-27
CUST00596,Chase Davis,mvalenzuela@example.org,Pune,2025-09-12
CUST00759,Kelly Smith,mcdanielbrooke@example.org,Jaipur,2025-03-28
CUST00220,Stacey Stewart,zachary87@example.com,Kolkata,2025-05-25
CUST00426,Jessica Ramsey,rjohnson@example.com,Ahmedabad,2025-06-27
CUST00370,Scott Miller,rowejoel@example.net,Chennai,2026-07-17
CUST00800,James Turner,noahthornton@example.com,Chennai,2026-01-09
CUST00070,Jeremiah Reeves,josephflores@example.net,Ahmedabad,2024-10-16
CUST00022,Kim Martinez,karroyo@example.com,Hyderabad,2024-09-04
CUST00078,David Murphy,wmurphy@example.com,Ahmedabad,2025-01-20
CUST00548,Justin Anderson,adam72@example.org,Ahmedabad,2025-10-03
CUST00302,Sheryl Buck,dpeters@example.com,HYDERABAD,2026-02-07
CUST00785,Katelyn Kim,christophermay@example.com,Pune,2024-07-04
CUST00126,Matthew Hoover,tylerjohnson@example.net,Hyderabad,2026-04-25
CUST00229,Amanda Hernandez,xrush@example.com,Kolkata,2025-03-26
CUST00043,Shawn Baker,newtoneric@example.com,Delhi,2024-10-05
CUST00517,Sheryl Acosta,timothyfreeman@example.com,Jaipur,2024-10-09
CUST00573,Caroline Edwards,jenniferdavidson@example.com,Chennai,2024-08-21
CUST00577,Kevin Sullivan,rebeccaarnold@example.net,Mumbai,2026-02-01
CUST00695,George Alvarez,kelleyjose@example.com,Bengaluru,2025-06-20
CUST00375,Sandra Juarez,kburns@example.net,Mumbai,2025-12-05
CUST00206,Phillip Nelson,mariahdavis@example.org,Chennai,2025-12-20
CUST00511,Sarah Ward,ronald11@example.org,LUCKNOW,2026-02-15
CUST00007,Shannon Ray,williamsjeremy@example.com,Lucknow,2024-07-12
CUST00494,Abigail Hill,barbaramoore@example.org,Lucknow,2025-11-16
CUST00782,Kevin Garrett,bsullivan@example.net,Jaipur,2026-03-21
CUST00613,Penny Gomez MD,aprilmclaughlin@example.org,Jaipur,2025-07-02
CUST00260,Veronica Silva,carlsonjoseph@example.net,Pune,2026-07-23
CUST00283,Melissa Brown,marshallerik@example.net,Jaipur,2026-02-16
CUST00591,Christopher Nielsen,kgreene@example.net,Lucknow,2024-10-27
CUST00734,Eric Cross,lroberts@example.org,Chennai,2025-07-28
CUST00243,Matthew Le,megan90@example.org,LUCKNOW,2026-05-09
CUST00456,Martin Hughes,nicole52@example.com,Jaipur,2025-02-26
CUST00321,Manuel King,joseph61@example.com,Ahmedabad,2026-05-21
CUST00435,Suzanne Johnson,stacey92@example.net,Ahmedabad,2024-10-11
CUST00300,Donna Cabrera,barbara53@example.com,Lucknow,2025-02-01
CUST00437,Anthony Guzman,foxaaron@example.net,Kolkata,2025-09-22
CUST00674,Brent Hopkins,conleydavid@example.org,Delhi,2024-10-22
CUST00439,Patricia Mathis,susan56@example.net,Bengaluru,2025-08-13
CUST00326,Karen Williams,cohenjuan@example.net,Lucknow,2025-02-26
CUST00404,Jordan Williams,sanchezthomas@example.com,Lucknow,2025-06-17
CUST00266,Megan Dillon,chelsea33@example.com,Hyderabad,2026-01-05
CUST00565,Traci Camacho,susan08@example.net,Chennai,2026-06-16
CUST00603,Brian Simmons,jose86@example.net,Kolkata,2024-11-27
CUST00677,Steve Miller PhD,wardjulia@example.com,Delhi,2026-02-24
CUST00279,David Lopez,krystal93@example.org,Pune,2025-05-04
CUST00631,Paul Diaz,lramirez@example.net,Bengaluru,2025-04-09
CUST00554,Robert Wilson,amber40@example.net,Delhi,2025-06-10
CUST00624,Blake Sosa,waustin@example.net,Mumbai,2025-04-06
CUST00739,Thomas Williams,kchaney@example.net,Mumbai,2024-08-05
CUST00232,Michele Lewis,heather73@example.org,Delhi,2025-06-08
CUST00246,Melinda Evans,barkereric@example.com,Pune,2024-09-27
CUST00168,Kristina Santiago,qgomez@example.com,Mumbai,2026-04-26
CUST00503,Alicia Norris,hwallace@example.net,Hyderabad,2026-06-04
CUST00333,Michelle Miller,normanbowers@example.org,Ahmedabad,2024-09-16
CUST00427,Daniel Lopez,sean20@example.net,Lucknow,2025-07-10
CUST00542,Miss Brianna Brown,james80@example.com,Mumbai,2025-12-10
CUST00163,Donald Schultz,oscar98@example.com,Jaipur,2024-10-11
CUST00150,David Medina,qchavez@example.net,Hyderabad,2024-11-25
CUST00227,Heidi Owen,stephaniethomas@example.net,Kolkata,2025-05-16
CUST00095,Jesse Parker,davidlee@example.org,Kolkata,2024-08-14
CUST00222,Jessica Ross,ykline@example.com,Lucknow,2025-12-13
CUST00598,April Pace,xboyd@example.org,Pune,2025-12-13
CUST00474,Danielle Bryant,,Lucknow,2025-12-28
CUST00431,Devin Johnson,anthonycochran@example.com,PUNE,2026-04-09
CUST00602,Adrienne Mills,brooksjamie@example.com,Kolkata,2025-11-11
CUST00726,Danielle Medina,grantzachary@example.net,Ahmedabad,2026-03-19
CUST00035,Lauren Daniels,brian97@example.net,Chennai,2025-01-18
CUST00218,Carrie Maxwell,epollard@example.net,Ahmedabad,2025-01-25
CUST00073,Alicia Gilmore,wwoods@example.com,Pune,2026-02-07
CUST00221,Matthew Mitchell,glennmartin@example.org,Bengaluru,2025-10-06
CUST00214,Jason Beck,millsmichael@example.net,Lucknow,2025-07-09
CUST00566,Andrew Armstrong,fmedina@example.com,JAIPUR,2026-04-07
CUST00395,Lori Mason,zhenderson@example.org,Bengaluru,2025-02-07
CUST00799,Mark Clark,brian41@example.org,Ahmedabad,2025-05-05
CUST00368,Ashley Wilson,amber07@example.net,Pune,2026-01-21
CUST00013,Kimberly Burgess,zhurst@example.com,Pune,2025-05-25
CUST00778,Jean Lane,jamierich@example.com,Delhi,2026-02-16
CUST00344,Catherine Saunders MD,nhahn@example.com,Chennai,2026-03-14
CUST00199,Ralph Lee,ericphillips@example.org,Kolkata,2025-12-28
CUST00235,Michelle Ho,laurahicks@example.org,Delhi,2026-03-13
CUST00421,Megan Green,anthonysullivan@example.com,Chennai,2024-10-10
CUST00690,Susan Larson,benjamin96@example.org,Bengaluru,2026-06-15
CUST00609,Lee Ramsey,,Ahmedabad,2025-11-22
CUST00652,Adam Brooks,bkhan@example.com,Hyderabad,2024-07-22
CUST00298,Austin Wheeler,tharper@example.org,Pune,2024-10-14
CUST00064,Angel Riggs,gibsonolivia@example.net,Bengaluru,2026-04-21
CUST00608,Samantha Ruiz,qdavis@example.org,Mumbai,2024-11-26
CUST00014,Zachary Hicks,camposmichelle@example.org,Mumbai,2025-07-09
CUST00436,Sara Cochran,lweaver@example.com,Pune,2025-12-17
CUST00018,Deborah Mason,williamrodriguez@example.net,Mumbai,2026-01-01
CUST00686,William Lewis,andrew48@example.net,Hyderabad,2026-06-05
CUST00349,Matthew Williams,vrasmussen@example.com,Lucknow,2025-02-15
CUST00208,Zachary Brooks,florescory@example.net,Kolkata,2026-05-26
CUST00091,Robert Peterson,angela83@example.org,Jaipur,2024-09-23
CUST00308,Claire Clark,kevin03@example.org,Jaipur,2024-08-30
CUST00342,Ernest Oconnell,kelly79@example.org,Jaipur,2025-10-01
CUST00381,William Patterson,nicoleturner@example.com,Kolkata,2025-05-05
CUST00345,Sandra Jones,,Ahmedabad,2024-08-06
CUST00472,Samantha Robertson,cameronmckinney@example.com,Lucknow,2024-11-13
CUST00667,Ashley Freeman,tina57@example.net,Chennai,2025-09-15
CUST00552,Daniel Goodwin,wbarajas@example.net,Mumbai,2025-10-08
CUST00599,Jessica Mays,yclarke@example.com,Hyderabad,2025-10-08
CUST00033,Carmen Smith,ybaker@example.com,Chennai,2025-07-30
CUST00776,Brian Cervantes,pmurphy@example.net,Mumbai,2025-08-15
CUST00658,Johnny Peterson,kristi75@example.com,Ahmedabad,2026-05-24
CUST00173,Kylie Morales,,Pune,2025-08-19
CUST00707,James Bray,mckeetodd@example.net,Chennai,2024-10-24
CUST00708,Charlotte Mason,tcastro@example.org,Lucknow,2024-12-18
CUST00409,Eddie Mueller,stevenvargas@example.com,Hyderabad,2025-02-05
CUST00691,Tammy Cook,hbutler@example.org,Mumbai,2026-05-14
CUST00751,Julia Olsen,conleykevin@example.net,Hyderabad,2025-12-16
CUST00201,James Martin,jenniferwilliams@example.com,Ahmedabad,2025-03-07
CUST00293,Randy Cannon,ybrooks@example.com,Delhi,2025-02-28
CUST00584,Michael Boyd,mary49@example.net,Jaipur,2025-06-20
CUST00720,Michael Howard,manderson@example.com,Lucknow,2026-06-22
CUST00511,Sarah Ward,ronald11@example.org,Lucknow,2026-02-15
CUST00758,Briana Wiggins,jamiejohnson@example.com,Kolkata,2025-11-13
CUST00701,Ashley Brown,mistywilkins@example.org,Mumbai,2024-08-21
CUST00764,Amber Johnson,rodriguezbrian@example.com,Jaipur,2025-07-31
CUST00765,Michael Vance,tjensen@example.com,DELHI,2024-07-31
CUST00796,Christopher Vargas,donnawood@example.org,Pune,2025-02-22
CUST00490,Julie Wilson,delacruzbrandy@example.net,Chennai,2026-05-02
CUST00729,Ashley Osborne,phillipmorris@example.org,Hyderabad,2025-09-22
CUST00725,Laura Herrera,meyershannon@example.org,Lucknow,2026-03-31
CUST00134,Bob Pitts,tyleraguilar@example.org,Kolkata,2025-03-25
CUST00061,Richard Lawson,steven73@example.net,Pune,2026-01-16
CUST00027,Timothy Duncan,esanchez@example.com,Mumbai,2026-02-28
CUST00101,Jennifer Jones,hernandezlisa@example.com,Lucknow,2026-07-08
CUST00532,Leah Barton,lellis@example.net,Kolkata,2026-01-23
CUST00589,Karen Mendoza,brittanyholland@example.com,Mumbai,2025-11-16
CUST00136,Brooke Alexander,vanessa46@example.net,HYDERABAD,2024-11-27
CUST00521,Mason Moore,kchristian@example.org,Kolkata,2026-02-18
CUST00364,Ryan Harvey,stephanie72@example.org,Bengaluru,2025-09-15
CUST00310,Jennifer Allen,kimberly67@example.net,Lucknow,2025-10-09
CUST00605,Justin Webb,becky62@example.net,Delhi,2026-04-02
CUST00253,Stephen Luna,zdiaz@example.org,Chennai,2026-03-27
CUST00545,Juan Smith,james73@example.net,Bengaluru,2025-03-04
CUST00482,Brian Brown,danielle44@example.net,Kolkata,2025-08-14
CUST00442,Michael Anderson,,Chennai,2025-01-23
CUST00648,Joyce Curry,omills@example.net,Delhi,2025-04-11
CUST00477,Anthony Nash,mercedesholland@example.net,Lucknow,2025-08-29
CUST00023,Lisa Brandt,jenniferross@example.net,Mumbai,2025-07-09
CUST00063,Frances Cardenas,emilywalker@example.org,Mumbai,2025-12-12
CUST00149,Elizabeth Ortiz,brandonjohnson@example.com,Chennai,2025-08-10
CUST00484,Rebekah Greene,erin07@example.com,Hyderabad,2025-07-03
CUST00750,John Johnson,timothyburton@example.net,Lucknow,2026-04-15
CUST00258,Brenda Velazquez,francisco94@example.net,Hyderabad,2025-05-11
CUST00053,Matthew Ross,michelle45@example.net,Jaipur,2024-12-14
CUST00243,Matthew Le,megan90@example.org,Lucknow,2026-05-09
CUST00174,Cindy Barnes,eric45@example.net,Bengaluru,2026-03-07
CUST00036,Kim Brown,yorkcasey@example.org,Ahmedabad,2025-07-25
CUST00179,Paul Thompson,opatel@example.net,Ahmedabad,2025-09-10
CUST00680,Laura Meza,xreese@example.net,Bengaluru,2025-12-09
CUST00121,Thomas Romero,michellehill@example.com,Chennai,2024-08-24
CUST00276,Jennifer Simpson DVM,nancy04@example.net,Jaipur,2025-05-19
CUST00045,Sandra Williams,kellie42@example.net,Lucknow,2024-08-19
CUST00301,Victoria Boyd,dturner@example.net,Kolkata,2025-09-19
CUST00077,James Elliott,millerroy@example.com,Jaipur,2025-02-13
CUST00721,Jacqueline Christian,kwells@example.org,Chennai,2026-01-13
CUST00369,Jeffery Fitzgerald,kennethkidd@example.com,Pune,2025-08-09
CUST00213,Jose Allen,kellysmith@example.com,Lucknow,2026-05-28
CUST00268,Justin Michael,keith98@example.com,Pune,2026-06-22
CUST00312,Ryan Rocha,lawrence09@example.org,Hyderabad,2026-06-04
CUST00445,Mrs. Stacey Davis,sean43@example.org,Jaipur,2026-04-06
CUST00504,Michael Harris,turnerdorothy@example.net,Chennai,2025-06-09
CUST00496,Curtis Watson,mcclainkatherine@example.net,Pune,2024-10-03
CUST00034,Michael Cross,smoore@example.org,Mumbai,2025-01-17
CUST00010,Joel Nelson,gabriellecameron@example.org,Ahmedabad,2026-02-08
CUST00689,Misty Mcguire,tracynolan@example.net,Bengaluru,2024-08-29
CUST00161,Judith Maynard,lutzmelanie@example.com,Lucknow,2025-09-02
CUST00286,Joshua Ruiz,kathleenbecker@example.net,Hyderabad,2024-06-29
CUST00296,Kimberly Patel,johnreed@example.com,Delhi,2024-11-17
CUST00617,Laura Benson,xhart@example.org,Chennai,2024-11-11
CUST00626,Phillip Dixon,kwalker@example.org,Pune,2025-08-18
CUST00278,Todd Rosales MD,lisarivera@example.net,Hyderabad,2025-02-06
CUST00752,Kristen Smith,lauren51@example.org,Mumbai,2025-08-30
CUST00604,Donald Becker,robertbowers@example.com,Lucknow,2024-11-03
CUST00485,Jason Price,aguilarwanda@example.org,Ahmedabad,2024-08-22
CUST00497,Michael Sims,jeremywiley@example.com,Jaipur,2025-06-26
CUST00183,Anita Richard,ryanmorales@example.org,Lucknow,2025-05-24
CUST00788,Dr. Michael Adams DVM,arthur09@example.com,Kolkata,2025-11-10
CUST00685,Andrew Mitchell,holmesvictoria@example.com,Jaipur,2024-10-13
CUST00745,Lynn Vasquez,nicolehall@example.com,Hyderabad,2025-11-06
CUST00037,Cynthia Wilson,bethwilliams@example.org,Ahmedabad,2024-11-08
CUST00157,Brianna Anderson,lauren10@example.org,Jaipur,2025-07-29
CUST00003,Cristian Santos,lrobinson@example.com,Mumbai,2026-05-08
CUST00509,Maureen Hernandez,chancharles@example.net,Ahmedabad,2025-05-30
CUST00498,James Chapman,cameronwilliams@example.com,Hyderabad,2026-01-23
CUST00309,Autumn Key,srocha@example.net,Delhi,2025-08-07
CUST00290,Jose Bryant,hansenemily@example.com,Mumbai,2024-06-27
CUST00561,James Wilson,maychristine@example.net,Ahmedabad,2026-01-21
CUST00415,Angela Bradley,,Bengaluru,2024-09-15
CUST00422,Krista Davis,laradonald@example.org,Mumbai,2024-11-06
CUST00142,Richard Johnson,jessica14@example.com,Kolkata,2024-10-23
CUST00224,Samantha Gardner,curtis54@example.com,Delhi,2024-09-08
CUST00184,Eric Morgan,kimberly18@example.net,Pune,2026-05-04
CUST00777,Daniel Taylor,shermandonna@example.com,Hyderabad,2026-06-27
CUST00673,Michael Cannon,chloemorris@example.net,Lucknow,2026-05-10
CUST00512,Charles Holland,michael79@example.com,Delhi,2024-11-21
CUST00732,Joseph Cruz,nicholasjames@example.org,Pune,2025-05-29
CUST00612,Lisa Craig,john02@example.org,Kolkata,2024-08-08
CUST00748,Elizabeth Hunter,katie15@example.com,Lucknow,2025-06-11
CUST00118,Michael Martinez,jennifercollins@example.org,Lucknow,2026-01-12
CUST00002,Angie Henderson,davisjesse@example.net,Pune,2025-01-29
CUST00114,Shannon Rivera,zroberts@example.net,Pune,2025-03-13
CUST00791,Angela Schultz,chloe58@example.org,Jaipur,2025-05-13
CUST00687,Tammy Moore,stevenseric@example.com,Pune,2026-03-03
CUST00766,Michelle Lambert,beltrankatelyn@example.com,Bengaluru,2026-06-15
CUST00166,Brandon Simmons,nicholas27@example.org,Delhi,2025-11-29
CUST00185,Jordan Bullock,michael23@example.org,Pune,2025-01-04
CUST00678,Rebecca Brown,allison14@example.org,Ahmedabad,2025-06-29
CUST00373,Kenneth Farley,taylorkaren@example.com,Bengaluru,2025-11-11
CUST00275,Taylor Gentry,robertmonroe@example.org,Jaipur,2025-06-02
CUST00705,Lisa Brown,jonesdonna@example.net,Chennai,2026-04-03
CUST00001,Allison Hill,donaldgarcia@example.net,Mumbai,2024-07-10
CUST00567,Patrick Swanson,robertbrewer@example.net,Delhi,2025-02-23
CUST00541,James Brown,,Bengaluru,2024-09-01
CUST00501,Mrs. Alison Wagner,richardsondebra@example.org,Jaipur,2024-07-11
CUST00719,Phillip Salazar,catherine93@example.net,Bengaluru,2024-12-07
CUST00384,Kelly Wallace,dominguezlisa@example.com,Hyderabad,2025-02-02
CUST00406,Courtney Wright,joseph19@example.com,Delhi,2026-04-20
CUST00562,Mercedes Jones,robertsgina@example.net,Pune,2025-05-10
CUST00021,David Bradley,millertodd@example.org,Delhi,2026-04-23
CUST00177,Michael Watkins,brandon69@example.org,Pune,2025-08-29
CUST00336,Linda Mueller,asmith@example.com,Bengaluru,2025-05-18
CUST00380,Pamela Williams,ksmith@example.com,Mumbai,2025-05-17
CUST00546,Maria Fischer,kimberlybrandt@example.com,Bengaluru,2026-02-21
CUST00172,Christopher Park,sandra50@example.org,Hyderabad,2026-01-03
CUST00520,Danielle Reed,jhernandez@example.net,Hyderabad,2024-07-31
CUST00508,Daniel Fitzpatrick MD,smithchristopher@example.org,Pune,2025-07-05
CUST00153,Michael Stephens,bruce43@example.org,Chennai,2025-04-23
CUST00619,Austin Schultz,ericahall@example.com,Bengaluru,2026-06-07
CUST00414,Jacqueline Villegas,carpenterwilliam@example.net,Delhi,2026-01-29
CUST00610,Linda Bautista,daniellegonzales@example.org,Kolkata,2024-09-16
CUST00623,Derek Perez,marykelly@example.org,Lucknow,2025-12-07
CUST00582,Philip Hall,mike03@example.net,Bengaluru,2026-05-02
CUST00642,Kelly Cole,ivanjohnson@example.net,Mumbai,2026-01-31
CUST00317,Ryan Hall,albertwagner@example.com,Bengaluru,2025-03-14
CUST00259,Ronald Patel,thomas05@example.com,Mumbai,2025-03-27
CUST00663,Kelly King,james03@example.org,Chennai,2024-09-28
CUST00475,Madison Martinez,allentracy@example.com,Kolkata,2026-02-16
CUST00338,Derrick Adams,bryanhamilton@example.com,Jaipur,2024-07-22
CUST00539,Melissa Morris,hodgesanna@example.net,Mumbai,2025-07-25
CUST00505,Lisa Haynes,grivas@example.net,Bengaluru,2024-11-08
CUST00399,Mary Thompson,zimmermanjacqueline@example.org,Ahmedabad,2025-06-03
CUST00424,Angela Willis,johnsoncaleb@example.net,Mumbai,2025-07-24
CUST00606,David Logan,craigromero@example.com,Chennai,2026-01-03
CUST00661,Ray Ramos,gonzalezjill@example.org,Mumbai,2025-08-29
CUST00481,Jorge Bates,anna99@example.com,Kolkata,2025-05-28
CUST00423,Richard Walker,madisonwatson@example.net,Kolkata,2026-01-06
CUST00120,Dr. Jordan Hill PhD,jsanchez@example.org,Jaipur,2025-03-13
CUST00651,Katherine Campos,albert64@example.net,Kolkata,2025-12-23
CUST00682,Kathy Sandoval,umahoney@example.net,Hyderabad,2025-02-25
CUST00715,Shari Parker,russellstout@example.org,Jaipur,2025-03-23
CUST00660,Catherine Huang,lisa01@example.net,Mumbai,2026-06-29
CUST00790,Blake Wu,sanchezcrystal@example.net,Bengaluru,2025-11-28
CUST00257,Andrew Reeves,jstone@example.net,Ahmedabad,2025-09-04
CUST00644,Shawn Kelley,wisealexandria@example.org,Jaipur,2025-05-27
CUST00250,Michelle Lee,tyronerobertson@example.com,Mumbai,2025-11-15
CUST00665,Lauren Vazquez,nathandavis@example.org,Hyderabad,2025-09-14
